smiles	valid	nswcs	target_num_rings	predicted_num_rings	ground_truth_num_rings
CCCCCCCCCNCC(P(=O)(O)O)P(=O)(O)O	True	CCCCCCCCCNCC(P(=O)(O)O)P(=O)(O)O	1	-0.12656099	0
O=[N+]([O-])c1ccccc1	True	O=[N+]([O-])c1ccccc1	1	0.9776753	1
CCCCCCNNC(P(=O)(O)O)P(=O)(O)O	True	CCCCCCNNC(P(=O)(O)O)P(=O)(O)O	1	-0.40388614	0
CCCCCCCCCNC(P(=O)(O)O)P(=O)(O)O	True	CCCCCCCCCNC(P(=O)(O)O)P(=O)(O)O	1	-0.30821514	0
O=CCOP(=O)(O)CCC1C(F)N1OP(=O)(O)O	True	O=CCOP(=O)(O)CCC1C(F)N1OP(=O)(O)O	1	0.89086	1
O=P(O)(O)C(OC(CO)C(C)O)P(=O)(O)O	True	CC(O)C(CO)OC(P(=O)(O)O)P(=O)(O)O	1	-0.08272767	0
O=[N+]([O-])c1cccc(CP(=O)(O)OO)c1O	True	O=[N+]([O-])c1cccc(CP(=O)(O)OO)c1O	1	0.8946601	1
Cc1ccc(C#N)cc(S)n2CCcc21	True	CC1=CC=C(C#N)C=C(S)N2CCC=C12	1	1.9836829	2
O=C(O)CCc1cc([N+](=O)[O-])c1O	True	O=C(O)CCC1=CC([N+](=O)[O-])=C1O	1	0.61760855	1
N#CCOC(=O)C1OCCCCCCNC1	True	N#CCOC(=O)C1CNCCCCCCO1	1	1.3408372	1
O=C(O)CNS(=O)(=O)c1cccc(O)c1	True	O=C(O)CNS(=O)(=O)c1cccc(O)c1	1	0.8550378	1
O=P(O)(O)C(CNOCC1CO)OC1OP(=O)(O)O	True	O=P(O)(O)OC1OC(P(=O)(O)O)CNOCC1CO	1	0.8687785	1
NCCCCP(O)C(O)(P(=O)(O)O)P(=O)(O)OO	True	NCCCCP(O)C(O)(P(=O)(O)O)P(=O)(O)OO	1	-0.41524637	0
N#Cc1ccc([N+](=O)[O-])c(O)c1	True	N#Cc1ccc([N+](=O)[O-])c(O)c1	1	0.86933655	1
CCCCCCOP(=O)(O)CC(N)CC(=O)NO	True	CCCCCCOP(=O)(O)CC(N)CC(=O)NO	1	-0.24864	0
CC1CCCCCCC(C(C(=O)O)P(=O)(O)O)C1	True	CC1CCCCCCC(C(C(=O)O)P(=O)(O)O)C1	1	0.85201216	1
CCCCC(=O)NC(P(=O)(O)O)P(=O)(O)O	True	CCCCC(=O)NC(P(=O)(O)O)P(=O)(O)O	1	-0.34373736	0
CCS(=O)C(OCCCC2)C(=O)N1CCC1C2	True	CC[S+]([O-])C1OCCCCCC2CCN2C1=O	1	2.4072084	2
NC(CCP(=O)(O)C(C(=O)O)CO)P(=O)(O)O	True	NC(CCP(=O)(O)C(CO)C(=O)O)P(=O)(O)O	1	-0.47688103	0
CCCC(P(=O)(O)C)C(=O)c1ccccc1	True	CCCC(C(=O)c1ccccc1)P(C)(=O)O	1	0.90982044	1
CC(C)=CC(=O)C=CCC(C)c1ccccc1	True	CC(C)=CC(=O)C=CCC(C)c1ccccc1	1	1.2024426	1
CCCCCCCCCCCCCCNC1COCC(OPP(=O)(O)O)C1	True	CCCCCCCCCCCCCCNC1COCC(OPP(=O)(O)O)C1	1	0.4820823	1
O=P(OP(O)C(O)(CCCCP(O)P)PPP)P(=O)(O)O	True	O=[PH](OP(O)C(O)(CCCCP(O)P)PPP)P(=O)(O)O	1	-0.26453823	0
O=P(O)(O)Cc1ccc(Br)s1	True	O=P(O)(O)Cc1ccc(Br)s1	1	0.93481004	1
COCNCOCC(O)C(O)CCO	True	COCNCOCC(O)C(O)CCO	1	0.19865875	0
N=P(OP(O)C(OP(CO)(O)O)P(POP(O)O)O)OO	True	N=[PH](OO)OP(O)C(O[PH](O)(O)CO)P(O)POP(O)O	1	-0.49711078	0
NCCC(=O)N(C)OCc1ccccc1F	True	CN(OCc1ccccc1F)C(=O)CCN	1	0.9206627	1
CC#CCCCCC1CCP(=O)(F)OCC1O	True	CC#CCCCCC1CCP(=O)(F)OCC1O	1	0.9109344	1
COC(OC(=O)NC1CSCC(N)CNC)CC1OC	True	CNCC(N)CSCC1NC(=O)OC(OC)CC1OC	1	1.1323202	1
O=C(O)C(Cc1ccccc1C)C(=S)O	True	Cc1ccccc1CC(C(=O)O)C(O)=S	1	1.0171099	1
NC(CCP(=O)(O)C(O)COC(NO))P(=O)(O)O	True	NC(CCP(=O)(O)C(O)COCNO)P(=O)(O)O	1	-0.24992496	0
O=P(O)(O)C(CC1CSCO1)P(=O)(O)O	True	O=P(O)(O)C(CC1CSCO1)P(=O)(O)O	1	0.7398098	1
N=P(Nc1ccccc1)(C1F)cc1	True	N=P1(Nc2ccccc2)C=CC1F	1	1.505645	2
NC(CCP(=O)(O)CC(Cl)C(=O)O)C(=O)O	True	NC(CCP(=O)(O)CC(Cl)C(=O)O)C(=O)O	1	-0.29280406	0
CCCCCC=CCC=CCC=CCC=CCC=CCCCCCC=CCC	True	CCC=CCCCCCC=CCC=CCC=CCC=CCC=CCCCCC	1	-0.5849909	0
CC#CCc1ccc(C2CCNCC2)cc1	True	CC#CCc1ccc(C2CCNCC2)cc1	1	2.2962105	2
CC1CCCC(C)NC(=O)NC(=O)NCCC1	True	CC1CCCNC(=O)NC(=O)NC(C)CCC1	1	1.0483075	1
O=P(OP(O)C(O)(CC)CC(O)OPP(PO)O)(O)O	True	CCC(O)(CC(O)OPP(O)PO)P(O)OP(=O)(O)O	1	-0.027999759	0
O=P(O)(O)C(O)(Cc1ccccc1)P(=O)(O)O	True	O=P(O)(O)C(O)(Cc1ccccc1)P(=O)(O)O	1	0.97067106	1
CCCCCCCCCCCCCCC1CC(F)(C)P(=O)(O)O1	True	CCCCCCCCCCCCCCC1CC(C)(F)P(=O)(O)O1	1	0.54525405	1
CN(C)C(=O)C(N)C(COc2ccccc2)CC=O	True	CN(C)C(=O)C(N)C(CC=O)COc1ccccc1	1	1.7710145	1
CC(CCP(=O)(O)CNC(=O)OP(=O)(O)O)COC	True	COCC(C)CCP(=O)(O)CNC(=O)OP(=O)(O)O	1	-0.15025872	0
CCCCCCCCCCCCCCCCCCC(CCP(PO)(O)O)OC	True	CCCCCCCCCCCCCCCCCCC(CC[PH](O)(O)PO)OC	1	-0.32686388	0
CC(=N)NCCCCCCC=CC(=O)NO	True	CC(=N)NCCCCCCC=CC(=O)NO	1	0.20455825	0
CCC(=C)Cc1c(Br)P(=O)(O)CN1	True	C=C(CC)CC1=C(Br)P(=O)(O)CN1	1	1.1104286	1
CCCCCCCCCCCCC(P(=O)(O)O)P(=O)(O)O	True	CCCCCCCCCCCCC(P(=O)(O)O)P(=O)(O)O	1	-0.47711724	0
O=C(O)CC(C=CCC(=O)CC(CS)CCC=C=O)OC	True	COC(C=CCC(=O)CC(CS)CCC=C=O)CC(=O)O	1	0.41941527	0
CC(C)CC(CP(=O)(O)O)P(=O)(O)	True	CC(C)CC(CP(=O)(O)O)[PH](=O)O	1	-0.2314288	0
CC(C)(C)OC(=O)NCC(=O)C1CCC(N)CC1	True	CC(C)(C)OC(=O)NCC(=O)C1CCC(N)CC1	1	0.8094559	1
CCCCCCCCCCCCOC1CN(CC1)P(=O)(O)O	True	CCCCCCCCCCCCOC1CCN(P(=O)(O)O)C1	1	0.4897855	1
C=CCN(CC)C(=O)O	True	C=CCN(CC)C(=O)O	1	-0.11752075	0
CC(=O)NC1CCN(C(=O)O)C(=O)O1	True	CC(=O)NC1CCN(C(=O)O)C(=O)O1	1	0.7805177	1
CC1NC(CCOCCCOP(=O)(O)CC)cc1	True	CCP(=O)(O)OCCCOCCC1C=CC(C)N1	1	1.1034154	1
Nc1cccc2ccccc12	True	Nc1cccc2ccccc12	1	2.1328413	2
CC(CC=CCCCP(=O)(O)O)C(=O)O	True	CC(CC=CCCCP(=O)(O)O)C(=O)O	1	-0.22362667	0
C=P(OP(O)C(O)(C)C(P(C)OPP=O)(O)O)OOO	True	C=[PH](OOO)OP(O)C(C)(O)C(O)(O)P(C)OPP=O	1	-0.3126639	0
O=P(CP(O)C(O)Cc1ccccc1)P(=O)(P)O	True	O=[PH](CP(O)C(O)Cc1ccccc1)P(=O)(O)P	1	0.7563565	1
O=P(OP(O)C(=P(CCC=COO)OPP(P)PP)O)(O)OO	True	O=P(O)(OO)OP(O)C(O)=[PH](CCC=COO)OPP(P)PP	1	-0.5213873	0
NC(CCP(=O)(O)C(O)CO)C(P)COP(=O)(O)O	True	NC(CCP(=O)(O)C(O)CO)C(P)COP(=O)(O)O	1	-0.12614143	0
O=P(Cc1ccc(Cl)cc1Cl)N1CCOCC1	True	O=[PH](Cc1ccc(Cl)cc1Cl)N1CCOCC1	1	1.8019633	2
C=P(OP(OO)(O)CCCCC(O)P(OP)(P)=O)(O)O	True	C=P(O)(O)O[PH](O)(CCCCC(O)P(=O)(P)OP)OO	1	-0.33824283	0
[N-]=[N+]=NCC(O)CCn1ccc(C)cnc1O	True	CC1=CN=C(O)N(CCC(O)CN=[N+]=[N-])C=C1	1	1.304151	1
CC(C)CCCCNSN(P(=O)(O)O)P(=O)(O)O	True	CC(C)CCCCNSN(P(=O)(O)O)P(=O)(O)O	1	-0.12934178	0
O=P(O)(O)C(O)(C)OP(=O)(P)OP(PO)(O)O	True	CC(O)(OP(=O)(P)O[PH](O)(O)PO)P(=O)(O)O	1	-0.19549567	0
CCCCCCCCCCCCP(=O)(O)C(POPO)P(=O)(O)O	True	CCCCCCCCCCCCP(=O)(O)C(POPO)P(=O)(O)O	1	-0.63098997	0
CCCCCCCCCCCCCCCCCCC(N)C	True	CCCCCCCCCCCCCCCCCCC(C)N	1	-0.26323497	0
O=P(O)(O)C(OO)CCc1ccccc1PP(=O)(O)O	True	O=P(O)(O)Pc1ccccc1CCC(OO)P(=O)(O)O	1	0.62352407	1
N#Cc1ccc(NO)nc1O	True	N#Cc1ccc(NO)nc1O	1	1.0264997	1
CCCCOP(=O)NCCCCCC(=O)N1CCCCCC1=O	True	CCCCO[PH](=O)NCCCCCC(=O)N1CCCCCC1=O	1	0.7331745	1
O=P(O)(O)C(N)(Cc1ccccc1)P(=O)(O)O	True	NC(Cc1ccccc1)(P(=O)(O)O)P(=O)(O)O	1	1.0268059	1
CC(=O)NNC(SC=C(C)C(=O)N)C(N)=S	True	CC(=O)NNC(SC=C(C)C(N)=O)C(N)=S	1	0.17587894	0
Cc1ccnc(N)c1	True	Cc1ccnc(N)c1	1	0.85516036	1
C=CCOP(=O)(O)C(O)c1OCc2ccc(OC)cc2O1	True	C=CCOP(=O)(O)C(O)C1OCc2ccc(OC)cc2O1	1	1.8853965	2
C=PCCP(C)C(OPCCOC(O)(OOPPOPPPP)O)(O)OC	True	C=PCCP(C)C(O)(OC)OPCCOC(O)(O)OOPPOPPPP	1	-0.6549527	0
CCCCCCCCCC=CCC=CCCCCCCCCCC(=O)O	True	CCCCCCCCCC=CCC=CCCCCCCCCCC(=O)O	1	-0.467228	0
O=P(O)(O)C(O)(Cc1cccnc1)P(=O)(O)O	True	O=P(O)(O)C(O)(Cc1cccnc1)P(=O)(O)O	1	1.0219359	1
CC(NC(=O)C=O)c1ccc(Br)cc1	True	CC(NC(=O)C=O)c1ccc(Br)cc1	1	1.0681564	1
CC(C)CC(NC(=O)NCCCCCCC1)CCCCC1	True	CC(C)CC1CCCCCCCCCCCCNC(=O)N1	1	0.5497203	1
O=C(O)CCC(N)C(=O)CCC(CN=O)O	True	NC(CCC(=O)O)C(=O)CCC(O)CN=O	1	-0.05265352	0
CS(=O)(=O)c1cc2c(Br)c(NCCO)ccc12	True	CS(=O)(=O)C1=Cc2c1ccc(NCCO)c2Br	1	2.2879202	2
CC(C)=CCCC(C)=CCNC(=O)OPP(=O)(O)O	True	CC(C)=CCCC(C)=CCNC(=O)OPP(=O)(O)O	1	-0.29809898	0
CCCCCOP(=O)(O)OC(=O)C(O)C(O)O	True	CCCCCOP(=O)(O)OC(=O)C(O)C(O)O	1	-0.21681607	0
CCC(C(C)N)SCNC(=O)c1cccc(Cl)c1	True	CCC(SCNC(=O)c1cccc(Cl)c1)C(C)N	1	0.9802551	1
CC(C)(C)OCC(NOP(=O)(O)O)C(=O)O	True	CC(C)(C)OCC(NOP(=O)(O)O)C(=O)O	1	-0.3323428	0
COc1cc(C=C2SC(=O)NC2=O)ccc1O	True	COc1cc(C=C2SC(=O)NC2=O)ccc1O	1	1.9559605	2
O=P(O)(O)C(O)C(C1CCCCOP)P(=O)(O)O1	True	O=P(O)(O)C(O)C1C(CCCCOP)OP1(=O)O	1	1.0522072	1
NC(OCP(=O)(O)Cc1cccnc1PP(=O)(O)O)CO	True	NC(CO)OCP(=O)(O)Cc1cccnc1PP(=O)(O)O	1	0.8708558	1
NCCCCP(=O)(O)C1CCCCC(OP(=O)(O)O)c1	True	NCCCCP(=O)(O)C1CCCCC(OP(=O)(O)O)C1	1	0.8690989	1
CC(=O)OCCCCCS(NS(=O)=O)O	True	CC(=O)OCCCCC[SH](O)N[SH](=O)=O	1	0.45739377	0
NC(CCP(=O)(O)C(P)=N)=C(O)P(=O)(O)O	True	N=C(P)P(=O)(O)CCC(N)=C(O)P(=O)(O)O	1	-0.583245	0
CCCCCCCCCC=CCC=CCC=CCCCCPP(=O)(O)O	True	CCCCCCCCCC=CCC=CCC=CCCCCPP(=O)(O)O	1	-0.7874095	0
C=C(NN)CC(C)P(=O)(O)CC[N+](=O)[O-]	True	C=C(CC(C)P(=O)(O)CC[N+](=O)[O-])NN	1	-0.29410237	0
CCCCCPCCCC(OP(=O)(O)OCP(PO)(P)OO)(O)O	True	CCCCCPCCCC(O)(O)OP(=O)(O)OC[PH](P)(OO)PO	1	-0.7033426	0
CC(=O)CBr	True	CC(=O)CBr	1	0.06761369	0
NC(=O)CCC(=O)NOCc1ccn(c1)P(=O)(O)O	True	NC(=O)CCC(=O)NOCc1ccn(P(=O)(O)O)c1	1	0.69155866	1
CN(C)C1ncc(C(=O)O)c1	True	CN(C)C1C=C(C(=O)O)C=N1	1	0.97835404	1
O=P(OP(O)C(O)(P(CC(CO)OPPPP)PO)O)(O)O	True	O=P(O)(O)OP(O)C(O)(O)P(CC(CO)OPPPP)PO	1	-0.6347768	0
O=P(O)(O)C(Cc1cccc(F)c1)P(=O)(O)OC	True	COP(=O)(O)C(Cc1cccc(F)c1)P(=O)(O)O	1	1.0561318	1
CCOP(=S)(SCC)SCc1ccncn1	True	CCOP(=S)(SCC)SCc1ccncn1	1	0.8810998	1
CC1CN(C)C(F)c(F)cc(=O)O1	True	CC1CN(C)C(F)C(F)=CC(=O)O1	1	1.2946165	1
N=C(N)SCCCNCC=NN=Cc1ccccc1	True	N=C(N)SCCCNCC=NN=Cc1ccccc1	1	0.98744667	1
CN(C)P(=O)(O)C(C)CC(CC(O)F)C(=O)NO	True	CC(CC(CC(O)F)C(=O)NO)P(=O)(O)N(C)C	1	0.024368763	0
NCCNc1ccccc1	True	NCCNc1ccccc1	1	1.0812235	1
NC(=S)NN=Cc1ccccc1	True	NC(=S)NN=Cc1ccccc1	1	1.0849059	1
CCCCOP(=O)(OCCCC)C(O)C(=O)O	True	CCCCOP(=O)(OCCCC)C(O)C(=O)O	1	-0.08578199	0
CCCCCCCCCCCCOP(=O)(O)OOP(=P)(O)(C)O	True	CCCCCCCCCCCCOP(=O)(O)OO[PH](C)(O)(O)=P	1	-0.38738292	0
CCOc1cccc(OCCCC=C)c1O	True	C=CCCCOc1cccc(OCC)c1O	1	1.3010354	1
C=P(OP(O)P(O)C(O)CC(O)CPPPP(=O)O)(O)O	True	C=P(O)(O)OP(O)P(O)C(O)CC(O)CPPP[PH](=O)O	1	-0.55976605	0
NC(CCP(=O)(O)CCC1CCOCC1)P(=O)(O)=O	True	NC(CCP(=O)(O)CCC1CCOCC1)[PH](=O)(=O)O	1	0.85997325	1
CC(CCP(O)C(O)CC(CC(=O)OP)OP(PP)(O)O)OO	True	CC(CCP(O)C(O)CC(CC(=O)OP)O[PH](O)(O)PP)OO	1	-0.51718783	0
NC(CCP(=O)(O)C(C(CO)O)O)P(=O)(O)O	True	NC(CCP(=O)(O)C(O)C(O)CO)P(=O)(O)O	1	-0.3180045	0
CC(=O)OCC1CCOCCCCC=CN(C1=O)O	True	CC(=O)OCC1CCOCCCCC=CN(O)C1=O	1	1.2705212	1
CCCCOP(=O)(OCCSc2ccccc2)CCCCCO	True	CCCCOP(=O)(CCCCCO)OCCSc1ccccc1	1	1.6854274	1
CCCCCCN(C(O))P(N)(=O)OOP(=O)(O)O	True	CCCCCCN(CO)P(N)(=O)OOP(=O)(O)O	1	-0.20677078	0
CCCCCC=CCC=CCCCCCC=CCCC(O)CSCC	True	CCCCCC=CCC=CCCCCCC=CCCC(O)CSCC	1	-0.39691103	0
CCCCCC(=O)C1OC(C(N)=C)C(=O)C1CS	True	C=C(N)C1OC(C(=O)CCCCC)C(CS)C1=O	1	0.6832724	1
NCc1ccc(O)cc1	True	NCc1ccc(O)cc1	1	1.0195999	1
O=PCOP(O)C(OP(CO)P(=O)(PPO)P(O))(O)O	True	O=PCOP(O)C(O)(O)OP(CO)P(=O)(PO)PPO	1	-0.48419356	0
O=P(OP(=O)(OP(COC(O)O)O)P(=O)(O)OC)O	True	COP(=O)(O)P(=O)(OP(O)COC(O)O)O[PH](=O)O	1	-0.32796276	0
CCCCCCCCCCCCCCCCOCCCCOP(=O)(O)O	True	CCCCCCCCCCCCCCCCOCCCCOP(=O)(O)O	1	-0.48397934	0
CCCCCCCCCCCCNC1CCCC(COP(=O)(O)O)N1	True	CCCCCCCCCCCCNC1CCCC(COP(=O)(O)O)N1	1	0.41746196	1
CNC(CO)Cc1ccccc(O)cc1O	True	CNC(CO)CC1=CC=CC=C(O)C=C1O	1	1.208947	1
CCCC1CN(C(C)=S)CC1	True	CCCC1CCN(C(C)=S)C1	1	0.98197454	1
CC(O)CC(=O)N(O)CNCP(=O)(O)O	True	CC(O)CC(=O)N(O)CNCP(=O)(O)O	1	-0.103521585	0
NS(=O)(=O)c1ccc(NC(=O)C(F)(F)F)cc1	True	NS(=O)(=O)c1ccc(NC(=O)C(F)(F)F)cc1	1	0.75508493	1
NC(CCP(=O)(O)C(O)C(F)CF)P(=O)(O)O	True	NC(CCP(=O)(O)C(O)C(F)CF)P(=O)(O)O	1	-0.08420521	0
Oc1cc(Br)c(Br)c(=O)c(Br)c1	True	O=c1c(Br)cc(O)cc(Br)c1Br	1	1.0901675	1
CC(C(=O)OO)N(Cc1ccccc1)P(=O)(O)O	True	CC(C(=O)OO)N(Cc1ccccc1)P(=O)(O)O	1	0.8744153	1
CC(C)CCNC(=O)N(CNC)CP(=O)(O)O	True	CNCN(CP(=O)(O)O)C(=O)NCCC(C)C	1	-0.24214244	0
N#CO	True	N#CO	1	0.068686515	0
CCCCCCCCCCCCS(=CC(=O)NO)	True	CCCCCCCCCCCC[SH]=CC(=O)NO	1	-0.19042498	0
O=P(OP(O)C(ON(Cc1ccccc1)PP=O)(O))O	True	O=PPN(Cc1ccccc1)OC(O)P(O)O[PH](=O)O	1	0.74889374	1
CCCCCCCCCC(C)CCCCC(O)(COPP(=P)(O)O)OO	True	CCCCCCCCCC(C)CCCCC(O)(COPP(O)(O)=P)OO	1	-0.8788659	0
CCCCCCC1CCCCCCC1(CC)CCCCP(=O)(O)O	True	CCCCCCC1CCCCCCC1(CC)CCCCP(=O)(O)O	1	0.8872311	1
CCCCCCCCCCP(=O)(O)OC(O)Cc1ccccc1	True	CCCCCCCCCCP(=O)(O)OC(O)Cc1ccccc1	1	1.0035788	1
CN(C)CCSc1ncccn1	True	CN(C)CCSc1ncccn1	1	1.0250208	1
CCCN1CCC(NC(=O)CNC(N)C)o1	True	CCCN1CCC(NC(=O)CNC(C)N)O1	1	1.2264469	1
CCCCCCCCCCCCNP(=O)CCC(=O)O	True	CCCCCCCCCCCCN[PH](=O)CCC(=O)O	1	-0.29731637	0
CCC(O)CC(N)C(CC(C)NC)C(=O)O	True	CCC(O)CC(N)C(CC(C)NC)C(=O)O	1	0.09878847	0
CCN=Cc1c(N)C(=O)NC(CCCCC)cc1	True	CCCCCC1C=CC(C=NCC)=C(N)C(=O)N1	1	1.3036144	1
C=C1C(=O)C=CC(=O)OCC1CCCP(=O)(O)OC	True	C=C1C(=O)C=CC(=O)OCC1CCCP(=O)(O)OC	1	1.102622	1
CCCCCPCCCC(C)CCCCP(=O)(OPP)OP(=O)(O)O	True	CCCCCPCCCC(C)CCCCP(=O)(OPP)OP(=O)(O)O	1	-0.73105997	0
CC1(C(=O)OCC=O)C(O)C(O)(C)C1	True	CC1(O)CC(C)(C(=O)OCC=O)C1O	1	0.8726565	1
CCCCCP(=O)(OPC(O)(O)COOPPCP(=O)O)CO	True	CCCCCP(=O)(CO)OPC(O)(O)COOPPC[PH](=O)O	1	-0.33738476	0
CCCCCCCCNNC(P(=O)(O)O)P(=O)(O)O	True	CCCCCCCCNNC(P(=O)(O)O)P(=O)(O)O	1	-0.3167963	0
O=[N+]([O-])OCCCCCc1cncnc1O	True	O=[N+]([O-])OCCCCCc1cncnc1O	1	1.350864	1
NC(CCP(=O)(O)C(O)P(=O)PO)OP(=O)(O)O	True	NC(CCP(=O)(O)C(O)[PH](=O)PO)OP(=O)(O)O	1	-0.16227376	0
NC(CCP(=O)(O)CP(=O)(O)O)P(=O)(O)O	True	NC(CCP(=O)(O)CP(=O)(O)O)P(=O)(O)O	1	-0.5480934	0
O=P(OP(O)CPO)(C(CC(=O)O)P(PO)(O)O)O	True	O=C(O)CC(P(=O)(O)OP(O)CPO)[PH](O)(O)PO	1	-0.36230975	0
CCCCCCCCCCCCCCC(OP(=O)OPP=O)P(=O)(O)O	True	CCCCCCCCCCCCCCC(O[PH](=O)OPP=O)P(=O)(O)O	1	-0.67823166	0
CCCSCCc1csc(NC(=S)N2CCOC2=O)c1	True	CCCSCCc1csc(NC(=S)N2CCOC2=O)c1	1	1.9980881	2
CC(C)=CCc1ccc(O)c(Br)c1	True	CC(C)=CCc1ccc(O)c(Br)c1	1	0.9476725	1
O=[N+]([O-])c1cnc(SCCCCC2CCCC2)CC1	True	O=[N+]([O-])C1=CN=C(SCCCCC2CCCC2)CC1	1	2.2283638	2
CCCCCPCCCC(CP(=O)(O)OOPPPOP(PO)O)(O)OO	True	CCCCCPCCCC(O)(CP(=O)(O)OOPPPOP(O)PO)OO	1	-0.74779814	0
O=C(O)COCCC(F)C(F)C(CCN(F)O)NO	True	O=C(O)COCCC(F)C(F)C(CCN(O)F)NO	1	0.344629	0
COc1ccc2c(c1)CCCC(=S)NC2	True	COc1ccc2c(c1)CCCC(=S)NC2	1	2.1839335	2
CC(CNS(=O)(=O)C(C)CCC)CC(=O)O	True	CCCC(C)S(=O)(=O)NCC(C)CC(=O)O	1	-0.12708384	0
O=P1[nH]c(=O)n(C1OCCCOP(POP(O)O)O)O	True	O=C1N[PH](=O)C(OCCCOP(O)POP(O)O)N1O	1	1.2677007	1
CCCCCCNCC(P(=O)(O)O)P(=O)(O)O	True	CCCCCCNCC(P(=O)(O)O)P(=O)(O)O	1	-0.44630957	0
NC(CCP(=O)(O)CCC(O)CCS)OC(=O)OC	True	COC(=O)OC(N)CCP(=O)(O)CCC(O)CCS	1	0.07789281	0
CCCCCCCCN1CCCCCCCCNC1=O	True	CCCCCCCCN1CCCCCCCCNC1=O	1	0.8890848	1
CCCCCCCC(N)(P(=O)(O)O)P(=O)(O)O	True	CCCCCCCC(N)(P(=O)(O)O)P(=O)(O)O	1	-0.44505996	0
O=P(O)(O)C(O)(Cc1ccccc1)P(=O)(O)O	True	O=P(O)(O)C(O)(Cc1ccccc1)P(=O)(O)O	1	0.97067106	1
NCCC(N)(P(=O)(O)O)P(=O)(O)O	True	NCCC(N)(P(=O)(O)O)P(=O)(O)O	1	-0.2918052	0
NS(=O)(=O)Oc1cc(CCNC(=O)O)(F)cc1	True	NS(=O)(=O)OC1=CC(F)(CCNC(=O)O)C=C1	1	0.97168654	1
O=C(OP(=O)(O)CCNCC(F)(F)P(=O)(O)O)	True	O=COP(=O)(O)CCNCC(F)(F)P(=O)(O)O	1	0.003452003	0
CCCCCCCCCCCCCC=CC(=O)NCCO	True	CCCCCCCCCCCCCC=CC(=O)NCCO	1	-0.27494872	0
CC1(C)CC(=O)C(Br)N1C(=O)O	True	CC1(C)CC(=O)C(Br)N1C(=O)O	1	1.219197	1
O=[N+]([O-])c1cc([N+](=O)[O-])cC1CC	True	CCC1C=C([N+](=O)[O-])C=C1[N+](=O)[O-]	1	0.97838604	1
CCCCCCCCNNC(P(=O)(O)O)P(=O)(O)O	True	CCCCCCCCNNC(P(=O)(O)O)P(=O)(O)O	1	-0.3167963	0
CC(C)=CCCC(C)=CCCC(C)=CCOP(=O)(O)O	True	CC(C)=CCCC(C)=CCCC(C)=CCOP(=O)(O)O	1	-0.59761566	0
CC(C)PCCCC(C)=CCCC(CO)PCPPP(P)(O)(O)O	True	CC(=CCCC(CO)PCPPP(O)(O)(O)P)CCCPC(C)C	1	-0.7568149	0
O=P(CP(O)C(O)(P=CCC(O)OPP(PPPP))O)(O)O	True	O=P(O)(O)CP(O)C(O)(O)P=CCC(O)OPPPPPP	1	-0.38929284	0
CC(C)=CCCC(C)=CCC=CCCCPPP(P(PO)(O)O)P	True	CC(C)=CCCC(C)=CCC=CCCCPPP(P)[PH](O)(O)PO	1	-0.24671584	0
CNC(=O)C1NC(=S)C(N)C(=O)C1=O	True	CNC(=O)C1NC(=S)C(N)C(=O)C1=O	1	0.67848814	1
NC(CCP(=O)(O)CCCCCCOCOP)POP(=O)(O)O	True	NC(CCP(=O)(O)CCCCCCOCOP)POP(=O)(O)O	1	-0.16236705	0
CN(CC(=O)N1CCC)C1CO	True	CCCN1C(=O)CN(C)C1CO	1	1.1821109	1
NCNC1CN=C1O	True	NCNC1CN=C1O	1	0.9540921	1
CCCN(CC=C)NC(=O)NC1C(C)C1O	True	C=CCN(CCC)NC(=O)NC1C(C)C1O	1	0.7631551	1
CNC(=O)c1cc(O)nc(=O)o1	True	CNC(=O)c1cc(O)nc(=O)o1	1	0.97629255	1
NC(C)CCCCCCCc1c[nH]cn1	True	CC(N)CCCCCCCc1c[nH]cn1	1	1.1447806	1
CCCCN(CCCN)C(=O)c1cc(Cl)c1C	True	CCCCN(CCCN)C(=O)C1=CC(Cl)=C1C	1	0.7660017	1
CCCCOP(=O)(O)CSC(=O)NC(O)CO	True	CCCCOP(=O)(O)CSC(=O)NC(O)CO	1	0.035249233	0
NC1C(CCC(N)P(=O)(O)OCCC1P(=O)(O)O)	True	NC1CCCC(N)P(=O)(O)OCCC1P(=O)(O)O	1	0.90805584	1
CCCCCC=CCC=CCCCCCCCCCCCCOP(=O)(O)O	True	CCCCCC=CCC=CCCCCCCCCCCCCOP(=O)(O)O	1	-0.66638416	0
NC1(C(=O)O)CNCC(O)C(O)C1O	True	NC1(C(=O)O)CNCC(O)C(O)C1O	1	1.0407393	1
NS(=O)(=O)NC(=O)NCCS(=O)(=O)O	True	NS(=O)(=O)NC(=O)NCCS(=O)(=O)O	1	-0.06724441	0
CN(C)CC1(OC=C1CCC(=O)N)P(=O)NO	True	CN(C)CC1([PH](=O)NO)OC=C1CCC(N)=O	1	0.7892223	1
CCNC(=N)Nc1ccccn1	True	CCNC(=N)Nc1ccccn1	1	1.0309422	1
O=C(O)C(O)Nc1cc(C(F)(F)F)c1	True	O=C(O)C(O)NC1=CC(C(F)(F)F)=C1	1	0.5046936	1
O=P(OP(O)C(O)(CCC(O)O)OPPPO)P(=O)(O)O	True	O=[PH](OP(O)C(O)(CCC(O)O)OPPPO)P(=O)(O)O	1	-0.4592346	0
O=C(O)CCCCCC(P(=O)(O)O)P(=O)(O)O	True	O=C(O)CCCCCC(P(=O)(O)O)P(=O)(O)O	1	-0.13164705	0
NC(OCP(=O)(O)Cc1ccccc1)P(=O)(O)O	True	NC(OCP(=O)(O)Cc1ccccc1)P(=O)(O)O	1	0.7701129	1
CCCCCCCCCCCCCCCCCCOOCC(CPP(=O)OO)C	True	CCCCCCCCCCCCCCCCCCOOCC(C)CP[PH](=O)OO	1	-0.65580696	0
CCCCC=C(OCP(=O)(O)O)C(=O)O	True	CCCCC=C(OCP(=O)(O)O)C(=O)O	1	-0.110569894	0
NCCCCP(=O)(O)P(OOC(OO)OPPOPP(P)OO)(O)O	True	NCCCCP(=O)(O)[PH](O)(O)OOC(OO)OPPOPP(P)OO	1	-0.7374554	0
CCCOCCCCCC(C)(P(=O)(O)O)P(=O)(O)O	True	CCCOCCCCCC(C)(P(=O)(O)O)P(=O)(O)O	1	-0.23053843	0
NC(C)PCC=C(OP(=O)(O)O)PPPOP(=O)(O)OO	True	CC(N)PCC=C(OP(=O)(O)O)PPPOP(=O)(O)OO	1	-0.48183876	0
CCCCCCCCCCSC(=O)NC(=O)CCl	True	CCCCCCCCCCSC(=O)NC(=O)CCl	1	-0.09095323	0
CCCCCC(C)(C)CCN(C=N)c1ccccc1	True	CCCCCC(C)(C)CCN(C=N)c1ccccc1	1	0.9493516	1
CCCCCCCC(C1=CCC=COC)NC(=O)OC1CO	True	CCCCCCCC1NC(=O)OC(CO)C1=CCC=COC	1	0.4526387	1
CCCNOP(=O)(O)CSc1ccccc1	True	CCCNOP(=O)(O)CSc1ccccc1	1	1.1279738	1
CCCCCCCCC1CCCC1CC(N)=O	True	CCCCCCCCC1CCCC1CC(N)=O	1	0.8797846	1
CCC(C)C(CC(=O)Nc1ccccc1)C(=O)NO	True	CCC(C)C(CC(=O)Nc1ccccc1)C(=O)NO	1	0.8982309	1
CC(C)P(=O)(O)OC(C=O)C(C)CCC	True	CCCC(C)C(C=O)OP(=O)(O)C(C)C	1	0.08280599	0
CCCCCP(CCC(O)C(O)(O)O)PPPOP(=O)(O)O	True	CCCCCP(CCC(O)C(O)(O)O)PPPOP(=O)(O)O	1	-0.34617072	0
NC(N)=NC(=O)Nc1cccc(C)c1	True	Cc1cccc(NC(=O)N=C(N)N)c1	1	0.8760922	1
O=P(OP(OOC(O)CP(=O)(O)OPPPOOPP)O)(O)O	True	O=P(O)(O)OP(O)OOC(O)CP(=O)(O)OPPPOOPP	1	-0.6288138	0
CCCCC(=O)CC(=O)c1ccc(OO)s1	True	CCCCC(=O)CC(=O)c1ccc(OO)s1	1	1.1412947	1
O=P(O)(P)(O)(OCc1ccccc1)P(=O)(O)O	True	O=P(O)(O)P(=O)(O)(O)(P)OCc1ccccc1	1	0.7611643	1
O=P(O)(O)C(CP(=O)(O)O)COP(=O)(O)OO	True	O=P(O)(O)CC(COP(=O)(O)OO)P(=O)(O)O	1	-0.27098805	0
CCCCCCCCCCCCC(O)C(O)COOP(=O)(O)O	True	CCCCCCCCCCCCC(O)C(O)COOP(=O)(O)O	1	-0.27880496	0
O=C(CCCP(=O)(C)O)C(F)(F)P(=O)(O)O	True	CP(=O)(O)CCCC(=O)C(F)(F)P(=O)(O)O	1	-0.11614138	0
CCCCCC=CCC=CCC=CCC=CCCCSP(=O)(O)OO	True	CCCCCC=CCC=CCC=CCC=CCCCSP(=O)(O)OO	1	-0.36350185	0
O=C(O)C1(O)C=C(C)C1O	True	CC1=CC(O)(C(=O)O)C1O	1	0.83241826	1
C(=CCCCCCCCCc1ccccc1)CI	True	ICC=CCCCCCCCCc1ccccc1	1	1.6966686	1
COc1ccc(C=Cc2ccccc2)cc1	True	COc1ccc(C=Cc2ccccc2)cc1	1	1.8809412	2
O=P(O)(OCCC=P(OO)(O)C(O)POPP(=O)O)OO	True	O=[PH](O)POPC(O)P(O)(=CCCOP(=O)(O)OO)OO	1	-0.32636166	0
CCCCCCC1CC1CNCC(=O)CCO	True	CCCCCCC1CC1CNCC(=O)CCO	1	1.2044208	1
O=P(CP(O)C(O)(C)OCC(O)C(POPO)P(PO)O)OO	True	CC(O)(OCC(O)C(POPO)P(O)PO)P(O)C[PH](=O)OO	1	-0.38808507	0
CCCCCCCCCCCCCCOP(=O)(C)OP(=O)(O)OC	True	CCCCCCCCCCCCCCOP(C)(=O)OP(=O)(O)OC	1	-0.40449363	0
CC(CCP(=O)NCCCCC(=O)NC)OO	True	CNC(=O)CCCCN[PH](=O)CCC(C)OO	1	-0.080385566	0
O=c1cc2ccccc2c1O	True	O=C1C=c2ccccc2=C1O	1	1.9919822	2
O=P(OP(O)C(OP(CO)(C)O)PPPOOP(O))(O)O	True	C[PH](O)(CO)OC(PPPOOPO)P(O)OP(=O)(O)O	1	-0.5808305	0
CCCCCCNCC(P(=O)(O)O)P(=O)(O)O	True	CCCCCCNCC(P(=O)(O)O)P(=O)(O)O	1	-0.44630957	0
CC(=O)N1S(N)(=O)(O)cc1	True	CC(=O)N1C=CS1(N)(=O)O	1	0.8493912	1
O=c1[nH]c(=S)cnn1CCCCCCOP(=O)(O)O	True	O=c1[nH]c(=S)cnn1CCCCCCOP(=O)(O)O	1	1.4259698	1
CNc1ccc(Cl)cc1	True	CNc1ccc(Cl)cc1	1	0.91733104	1
CC(C)(CN)C(=O)OC=C1CC(F)P(=O)(O)O1	True	CC(C)(CN)C(=O)OC=C1CC(F)P(=O)(O)O1	1	0.6115409	1
CCCCOP(=O)(CCCCC(=O)NC)C(=O)O	True	CCCCOP(=O)(CCCCC(=O)NC)C(=O)O	1	-0.25074846	0
CCC(CC)c1ccc(O)c(=O)o1	True	CCC(CC)c1ccc(O)c(=O)o1	1	0.9285532	1
CCCCC=CCc1cc(O)cc(O)c1	True	CCCCC=CCc1cc(O)cc(O)c1	1	0.99849486	1
O=C(CP(=O)(O)OC(CO)C(C)P(=O)(O)O)NO	True	CC(C(CO)OP(=O)(O)CC(=O)NO)P(=O)(O)O	1	0.013707399	0
CN1CCCCCC1	True	CN1CCCCCC1	1	1.2833514	1
O=P(OC(O)OCCNO)CC=CCCCP(=O)(O)O	True	O=[PH](CC=CCCCP(=O)(O)O)OC(O)OCCNO	1	0.05144301	0
O=P(OP(O)C(O)(CCCCCC)OP)POP(=O)(O)O	True	CCCCCCC(O)(OP)P(O)O[PH](=O)POP(=O)(O)O	1	-0.027905285	0
CCc1cc2ccncc2s1	True	CCc1cc2ccncc2s1	1	1.9408622	2
CCCCCNCOCCCCCNC(O)P(=O)(O)O	True	CCCCCNCOCCCCCNC(O)P(=O)(O)O	1	-0.15629607	0
CCCCCP(POC(=PO)OP(=O)(OPPPP(=O)OO)O)OO	True	CCCCCP(OO)POC(OP(=O)(O)OPPP[PH](=O)OO)=PO	1	-1.0131483	0
COC(=O)CCC=NN(C1SCCC1=O)P(=O)(O)C	True	COC(=O)CCC=NN(C1SCCC1=O)P(C)(=O)O	1	0.9459992	1
CCCCCP(CCC(C)CCCCP(O)OPPPO)P(=O)(O)O	True	CCCCCP(CCC(C)CCCCP(O)OPPPO)P(=O)(O)O	1	-0.5239736	0
CCCCOP(=O)NCCCCc1cc(=O)[nH]1	True	CCCCO[PH](=O)NCCCCC1=CC(=O)N1	1	0.5596363	1
CCCCCCCCCCS(=O)(=O)OC(CO)O	True	CCCCCCCCCCS(=O)(=O)OC(O)CO	1	0.06557304	0
O=C(O)C1=SCCC1C(=O)S(=O)(=O)N	True	NS(=O)(=O)C(=O)C1CC[SH]=C1C(=O)O	1	0.99313694	1
CC(N)P(=O)(O)CSc1ccccc1C(=O)O	True	CC(N)P(=O)(O)CSc1ccccc1C(=O)O	1	1.2199913	1
CCCc1ccc(Cl)s1	True	CCCc1ccc(Cl)s1	1	1.042908	1
CCOc1ccc(OC)c([N+](=O)[O-])c1	True	CCOc1ccc(OC)c([N+](=O)[O-])c1	1	0.94232756	1
CCCCCCCCCNC(P(=O)(O)O)P(=O)(O)O	True	CCCCCCCCCNC(P(=O)(O)O)P(=O)(O)O	1	-0.30821514	0
CCCCC(O)(P(=O)(O)O)P(=O)(O)O	True	CCCCC(O)(P(=O)(O)O)P(=O)(O)O	1	-0.01824221	0
O=P(O)(O)C(O)(C1CC(F)C1)P(=O)(O)F	True	O=P(O)(O)C(O)(C1CC(F)C1)P(=O)(O)F	1	0.76335394	1
O=P(O)(O)C(CNc1ccnnn1)P(=O)(O)O	True	O=P(O)(O)C(CNc1ccnnn1)P(=O)(O)O	1	1.0576081	1
CCCCCCCCCCCCCCCc1c(CCOP(=O)(O)O)cc1	True	CCCCCCCCCCCCCCCC1=C(CCOP(=O)(O)O)C=C1	1	0.7846969	1
C=CCOP(=O)(C(CPC=O)(O)O)C(=O)	True	C=CCOP(=O)(C=O)C(O)(O)CPC=O	1	-0.2320332	0
CCCCCNCC(N)(P(=O)(O)O)P(=O)(O)O	True	CCCCCNCC(N)(P(=O)(O)O)P(=O)(O)O	1	-0.43973678	0
O=C(O)C(CC1=C)CCC(=O)CC1	True	C=C1CCC(=O)CCC(C(=O)O)C1	1	0.88396806	1
CC(C)SCC=CC(=O)NC=CSC=NC(=O)O	True	CC(C)SCC=CC(=O)NC=CSC=NC(=O)O	1	0.12632364	0
O=C(NO)C(NCc1cccc(O)c1)P(=O)(O)O	True	O=C(NO)C(NCc1cccc(O)c1)P(=O)(O)O	1	0.9383494	1
CC(C)SCN=Cc1ccccc1Cl	True	CC(C)SCN=Cc1ccccc1Cl	1	1.1334811	1
O=P(OP(PO)(OPO)O)(P(=O)PP)OP(=O)(O)O	True	O=[PH](PP)P(=O)(OP(=O)(O)O)O[PH](O)(OPO)PO	1	-0.7057355	0
CC(CCC(=O)COC(C)OCCCO)CP(=O)(O)O	True	CC(CCC(=O)COC(C)OCCCO)CP(=O)(O)O	1	-0.07283598	0
NC(CCP(O)C(O)C(C)P(=O)OPPO)P(=O)(O)O	True	CC(C(O)P(O)CCC(N)P(=O)(O)O)[PH](=O)OPPO	1	-0.31170005	0
CCc1ccccc(F)nc1	True	CCC1=CC=CC=C(F)N=C1	1	1.3622468	1
O=C1CC(=S)NC(CCCCC=O)(CO)C1	True	O=CCCCCC1(CO)CC(=O)CC(=S)N1	1	1.4273018	1
NC(C=NC(C)N=Sc1ccccc1)C(=O)O	True	CC(N=CC(N)C(=O)O)N=[SH]c1ccccc1	1	0.7707492	1
CCCCOP(=O)(O)CCc1cc(O)ccc1O	True	CCCCOP(=O)(O)CCc1cc(O)ccc1O	1	0.9245058	1
CCC(C)(CC)CC(=O)C1CCCCC1	True	CCC(C)(CC)CC(=O)C1CCCCC1	1	0.95278996	1
CCCCCCC(O)(P(=O)(O)O)P(=O)(O)O	True	CCCCCCC(O)(P(=O)(O)O)P(=O)(O)O	1	-0.34312564	0
O=C1OC(SCc2ccccc2)oc1=O	True	O=C1OC(SCc2ccccc2)OC1=O	1	2.0052598	2
NC(CCP(=O)(O)CCC)C(=O)OP(=O)(O)O	True	CCCP(=O)(O)CCC(N)C(=O)OP(=O)(O)O	1	-0.16878551	0
CC(=O)NCCCCS(C)(=O)=O	True	CC(=O)NCCCCS(C)(=O)=O	1	0.25688168	0
NC(CCP(=O)=O)C(O)c1ccc(P(=O)(O)O)cc1	True	NC(CCP(=O)=O)C(O)c1ccc(P(=O)(O)O)cc1	1	0.9793499	1
O=P(O)(O)C(O)(Cc1ccccc1)P(=O)(O)O	True	O=P(O)(O)C(O)(Cc1ccccc1)P(=O)(O)O	1	0.97067106	1
O=P(O)COCC(O)(Cc1ccccc1)P(=O)(O)O	True	O=[PH](O)COCC(O)(Cc1ccccc1)P(=O)(O)O	1	1.1067009	1
CS(=O)(=O)Nc1cnccc1	True	CS(=O)(=O)Nc1cccnc1	1	0.8678924	1
CCCCCCCCCCCCP(=O)(O)C(OPP(O)(O)OC)O	True	CCCCCCCCCCCCP(=O)(O)C(O)OP[PH](O)(O)OC	1	-0.3933897	0
O=C(O)CCCC=CCC=CCCCCCCCCCC(=O)O	True	O=C(O)CCCC=CCC=CCCCCCCCCCC(=O)O	1	0.09620452	0
CCCCCCCCC=CC(=C)CCC(O)P(=O)(O)O	True	C=C(C=CCCCCCCCC)CCC(O)P(=O)(O)O	1	-0.25450844	0
CCCCNC(=O)Nc1ccc(S(N)(=O)=O)cc1	True	CCCCNC(=O)Nc1ccc(S(N)(=O)=O)cc1	1	0.9509596	1
C=CCN(CCCC)CCCCc1ccc(OP(=O)(O)O)cc1	True	C=CCN(CCCC)CCCCc1ccc(OP(=O)(O)O)cc1	1	0.9092676	1
O=PCCP(N)C(O)(CCCC(O)OPPPO)P(=O)(O)O	True	NP(CCP=O)C(O)(CCCC(O)OPPPO)P(=O)(O)O	1	-0.09977925	0
CCCCCP(=O)(OC=CC)OCc1ccccc1Cl	True	CC=COP(=O)(CCCCC)OCc1ccccc1Cl	1	1.105973	1
CC(C)P(=O)(O)C(C)CC(=O)c1cc(Br)c1O	True	CC(C)P(=O)(O)C(C)CC(=O)C1=CC(Br)=C1O	1	0.68977594	1
C=P(C)C(CC(O)C(=O)O)C(=O)O	True	C=[PH](C)C(CC(O)C(=O)O)C(=O)O	1	0.046974003	0
NC(CCP(=O)(O)(CC)CC(=O)O)C(OO)OO	True	CC[PH](=O)(O)(CCC(N)C(OO)OO)CC(=O)O	1	-0.17806756	0
O=C(OCCc1ccccc1)P(=O)(O)OC	True	COP(=O)(O)C(=O)OCCc1ccccc1	1	1.0353838	1
O=C(O)CCCC(CS(C)O)P(=O)(O)	True	C[SH](O)CC(CCCC(=O)O)[PH](=O)O	1	0.00802362	0
O=P(OP(O)C(O)(Cc1cccnc1OPP(PO)BO)O)OO	True	O=[PH](OO)OP(O)C(O)(O)Cc1cccnc1OPP(BO)PO	1	0.6968656	1
OCCOc1ccccn1	True	OCCOc1ccccn1	1	1.0507503	1
O=P(O)COOC(O)(Cc1cccnn1)P(=O)(O)O	True	O=[PH](O)COOC(O)(Cc1cccnn1)P(=O)(O)O	1	1.1779379	1
CCCCCc1ccc(Cl)cc1	True	CCCCCc1ccc(Cl)cc1	1	0.9815065	1
CN(CC1NC(=O)C(CCCCCN)CC=O)CN1	True	CN1CNC(NC(=O)C(CC=O)CCCCCN)C1	1	1.1291578	1
CCCCCC=CCCCCCCCCOC(=O)OCP=COP(=O)(O)O	True	CCCCCC=CCCCCCCCCOC(=O)OCP=COP(=O)(O)O	1	-0.7848038	0
O=P(O)(O)C(Nc1ccc(Cl)cc1)[N+](=O)O	True	O=[N+](O)C(Nc1ccc(Cl)cc1)P(=O)(O)O	1	0.78501016	1
O=P(OP(O)C(O)OCc1ccccc1)P(OP)(O)(O)O	True	O=[PH](OP(O)C(O)OCc1ccccc1)P(O)(O)(O)OP	1	0.6543535	1
CC(C)CC(O)c1cnc(S)n(C)c(=O)cc1	True	CC(C)CC(O)C1=CN=C(S)N(C)C(=O)C=C1	1	1.3283012	1
CCN(CPC)OC(C)COC(C(=O)P)COP(=O)(O)O	True	CCN(CPC)OC(C)COC(COP(=O)(O)O)C(=O)P	1	5.814433e-05	0
O=P(OP(O)C(OP(CO)(P)O)OPP(P)PPP(O)O)OO	True	O=[PH](OO)OP(O)C(OPP(P)PPP(O)O)O[PH](O)(P)CO	1	-0.66449076	0
CCOC(=O)C1(C)C(=O)OCCCCCC1	True	CCOC(=O)C1(C)CCCCCCOC1=O	1	1.2374504	1
CN(N)CCc1ccccc1C	True	Cc1ccccc1CCN(C)N	1	1.1922112	1
CC1CCC(C(C)CP=1O)C(CO)P(=O)(O)O	True	CC1=[PH](O)CC(C)C(C(CO)P(=O)(O)O)CC1	1	0.9679981	1
CCC(=O)NCCC1CCCCCCCC1=O	True	CCC(=O)NCCC1CCCCCCCC1=O	1	1.1996524	1
CC(CCP(=O)(O)CC1C=CC1=C)P(=O)(O)O	True	C=C1C=CC1CP(=O)(O)CCC(C)P(=O)(O)O	1	0.7719184	1
COc1cc(C(N)(C)C)c(N)c(O)c1	True	COc1cc(O)c(N)c(C(C)(C)N)c1	1	1.0528923	1
CC(N)CP(=O)(O)P(=O)(O)O	True	CC(N)CP(=O)(O)P(=O)(O)O	1	-0.2971881	0
CCCCCCCCCC(=O)NC1CC1C(O)P(=O)(O)O	True	CCCCCCCCCC(=O)NC1CC1C(O)P(=O)(O)O	1	0.67217946	1
CCCCCCCOCCCC1CC(O)COCOC1=O	True	CCCCCCCOCCCC1CC(O)COCOC1=O	1	1.00161	1
CC(CCCC(C(=O)O)C1(C)COP(=O)(O)O)cc1	True	CC1C=CC(C)(COP(=O)(O)O)C(C(=O)O)CCC1	1	0.92380625	1
CCCCCC=CCCCCCC1=CC(=O)OCCcccc1	True	CCCCCC=CCCCCCC1=CC(=O)OCCC=CC=C1	1	0.9597009	1
CCC(N)CCC(O)CCNCSO	True	CCC(N)CCC(O)CCNCSO	1	0.182829	0
COC(=O)CCCC(S)OP(=O)(O)OP(=O)(O)	True	COC(=O)CCCC(S)OP(=O)(O)O[PH](=O)O	1	-0.29146445	0
COc1ccc(C(=O)N)cc1N	True	COc1ccc(C(N)=O)cc1N	1	1.0676334	1
O=[N+]([O-])c1cc(Cl)ccc1O	True	O=[N+]([O-])c1cc(Cl)ccc1O	1	0.93177867	1
CCC(CP(=O)(O)C(OS)NP(=O)(O)O)O	True	CCC(O)CP(=O)(O)C(NP(=O)(O)O)OS	1	-0.050615966	0
CCCCNP(=O)C(CCCP(=O)(O)O)P(=O)(O)O	True	CCCCN[PH](=O)C(CCCP(=O)(O)O)P(=O)(O)O	1	-0.48552948	0
CCC(N)C(=O)C(CCCC=CC(C))CC(=O)O	True	CCC=CCCCC(CC(=O)O)C(=O)C(N)CC	1	0.10496664	0
CCCCCCCCCCCCCCCCP(=O)OPPCOP(=O)(O)O	True	CCCCCCCCCCCCCCCC[PH](=O)OPPCOP(=O)(O)O	1	-0.54747957	0
CC1=NNCC(Cl)c([N+](=O)[O-])c1	True	CC1=NNCC(Cl)C([N+](=O)[O-])=C1	1	1.0249789	1
CCCCCCCCCCCCP(COC(O)(OP)POPP=O)(O)OC	True	CCCCCCCCCCCC[PH](O)(COC(O)(OP)POPP=O)OC	1	-0.5327808	0
CN(CCCCCCNCCP(=O)(O)O)P(=O)(O)O	True	CN(CCCCCCNCCP(=O)(O)O)P(=O)(O)O	1	-0.07371831	0
COc1ccc(NNC(=O)CCCCCCP(=O)(O)O)cc1	True	COc1ccc(NNC(=O)CCCCCCP(=O)(O)O)cc1	1	1.2261469	1
CCNCC=NCC(C)NCc1ccccc1	True	CCNCC=NCC(C)NCc1ccccc1	1	1.166579	1
NC(=S)C(=O)N1CCCC(C#N)c1C#N	True	N#CC1CCCN(C(=O)C(N)=S)C1C#N	1	1.4240398	1
CCCN(C)CCCCc1ccncc1	True	CCCN(C)CCCCc1ccncc1	1	1.131309	1
NC(CS)NCC(=O)C=C=O	True	NC(CS)NCC(=O)C=C=O	1	0.03238949	0
Cc1ccccc1C=CNC=NN=C1NC(=O)SC1=S	True	Cc1ccccc1C=CNC=NN=C1NC(=O)SC1=S	1	2.0129573	2
CCCCCCCCCCCCCCCCOCC(O)P(=O)(O)O	True	CCCCCCCCCCCCCCCCOCC(O)P(=O)(O)O	1	-0.5324963	0
CCC(=C)N=CCCCN1C(=O)NCCC(=O)N1	True	C=C(CC)N=CCCCN1NC(=O)CCNC1=O	1	0.89841235	1
CCCCCCCCCCOCCCOP(=O)(O)OP(=O)(O)O	True	CCCCCCCCCCOCCCOP(=O)(O)OP(=O)(O)O	1	-0.54452956	0
C=CCOCCCCC(O)(P(=O)(O)O)P(=O)(O)O	True	C=CCOCCCCC(O)(P(=O)(O)O)P(=O)(O)O	1	-0.31376475	0
O=Cc1ccccc1	True	O=Cc1ccccc1	1	1.0688143	1
NOCc1ncccc1O	True	NOCc1ncccc1O	1	1.0234222	1
N=P(OP(O)C(O)OCc1ccccn1)P(=O)(O)O	True	N=[PH](OP(O)C(O)OCc1ccccn1)P(=O)(O)O	1	0.85651916	1
CCCCCC=CCC=CCCCCCCCCCCCCCC(=O)O	True	CCCCCC=CCC=CCCCCCCCCCCCCCC(=O)O	1	-0.51150006	0
O=C(OP(=O)(O)CCc1ccccn1)P(=O)(O)O	True	O=C(OP(=O)(O)CCc1ccccn1)P(=O)(O)O	1	0.9387952	1
C=CCCC=CCC=CCC=CCC=CC(C)C(=O)NC	True	C=CCCC=CCC=CCC=CCC=CC(C)C(=O)NC	1	-0.32932097	0
CC(N)P(=O)(O)CC(O)P(=O)(O)C	True	CC(N)P(=O)(O)CC(O)P(C)(=O)O	1	-0.06679803	0
CCCCCCCCCCCCP(=O)(O)OCCC=CC(=O)O	True	CCCCCCCCCCCCP(=O)(O)OCCC=CC(=O)O	1	-0.40894026	0
CCOC=CNCOc1ccc(C)cc1	True	CCOC=CNCOc1ccc(C)cc1	1	1.0390341	1
CC1NOC(=O)C1SCC(O)CO	True	CC1NOC(=O)C1SCC(O)CO	1	1.2319329	1
NC(CCP(=O)(O)OC(C)(C)F)C(=O)OC	True	COC(=O)C(N)CCP(=O)(O)OC(C)(C)F	1	-0.23459929	0
COC(=O)C1=C(S)NP(=O)(O)CCCC1	True	COC(=O)C1=C(S)NP(=O)(O)CCCC1	1	0.8810425	1
CC(C)CC(NC(=O)C=O)CCNCCSPCNS(=O)(=O)N	True	CC(C)CC(CCNCCSPCNS(N)(=O)=O)NC(=O)C=O	1	-0.04351163	0
O=P(OP(O)C(O)(P(=O)(O)OPP(P)PO)O)(O)O	True	O=P(O)(O)OP(O)C(O)(O)P(=O)(O)OPP(P)PO	1	-0.60422796	0
CCCCCCCCCCCC(=O)c1c(COPP=O)([O-])c1	True	CCCCCCCCCCCC(=O)C1=CC1(O)COPP=O	1	0.75342464	1
CCC(C)C(O)CCC(=S)C1CCCC1	True	CCC(C)C(O)CCC(=S)C1CCCC1	1	0.9989168	1
CCCCCCCCCCCCP(=O)(O)C(PPP(O)(CO)O)O	True	CCCCCCCCCCCCP(=O)(O)C(O)PP[PH](O)(O)CO	1	-0.37400776	0
O=P(O)(O)C(O)(Cc1ncccc1)P(=O)(O)O	True	O=P(O)(O)C(O)(Cc1ccccn1)P(=O)(O)O	1	1.0299697	1
O=P(O)(O)C(Cc1ccccc1)P(=O)(O)O	True	O=P(O)(O)C(Cc1ccccc1)P(=O)(O)O	1	0.8704783	1
CCCCCCCc1ccn(C)N(O)c1CC(=O)O	True	CCCCCCCC1=C(CC(=O)O)N(O)N(C)C=C1	1	1.0518303	1
CCC(C)(O)C(=O)OCc1ccccc1	True	CCC(C)(O)C(=O)OCc1ccccc1	1	0.8379538	1
Cc1ccccc(CCC(=O)NCC(O)P(=O)(O)O)s1	True	CC1=CC=CC=C(CCC(=O)NCC(O)P(=O)(O)O)S1	1	1.232582	1
CC(NCP(=O)(O)CC1C(C)O)c(=O)[nH]c1=O	True	CC1NCP(=O)(O)CC(C(C)O)C(=O)NC1=O	1	0.9571418	1
CC(C=O)OC1=CCC(C)CC1	True	CC1CC=C(OC(C)C=O)CC1	1	1.107865	1
CNCCN(C)C(=O)Nc1ccccc1	True	CNCCN(C)C(=O)Nc1ccccc1	1	1.0720861	1
C=C(CP(=O)(O)CNO)c1ccc(O)c(=O)cc1	True	C=C(CP(=O)(O)CNO)c1ccc(O)c(=O)cc1	1	1.0977045	1
O=C(CS)NN(CN1CCCCC1)P(=O)(O)O	True	O=C(CS)NN(CN1CCCCC1)P(=O)(O)O	1	1.2044057	1
O=P(O)(O)CCCCCCCCCCCCCCCP(=O)OO	True	O=[PH](CCCCCCCCCCCCCCCP(=O)(O)O)OO	1	0.27982566	0
O=C(O)c1cnc(COCNOCCP(=O)(O)O)cc1	True	O=C(O)c1ccc(COCNOCCP(=O)(O)O)nc1	1	1.433856	1
CS(=O)(=O)Nc1ccnc(ccc1)NNCCO	True	CS(=O)(=O)NC1=CC=NC(NNCCO)=CC=C1	1	1.6957211	1
CCCCOc1ccccc1	True	CCCCOc1ccccc1	1	1.0393052	1
COc1nc([N+](=O)[O-])c(OC)cc1O	True	COc1cc(O)c(OC)nc1[N+](=O)[O-]	1	0.88678575	1
CCCCCCCCCCCCCCCCOC(=O)COP(=O)(O)CO	True	CCCCCCCCCCCCCCCCOC(=O)COP(=O)(O)CO	1	-0.72741467	0
CCOP(=O)(OCC)S(C(C)S)CCSC(=O)C	True	CCOP(=O)(OCC)[SH](CCSC(C)=O)C(C)S	1	0.20342706	0
CCCCCCCC(P(=O)(O)O)P(=O)(O)O	True	CCCCCCCC(P(=O)(O)O)P(=O)(O)O	1	-0.22112864	0
COC1CCCCN1C(=O)c1ccccn1	True	COC1CCCCN1C(=O)c1ccccn1	1	2.2564368	2
N#CC=CCCCCCCN=CCNC(=O)Nc1ccccc1	True	N#CC=CCCCCCCN=CCNC(=O)Nc1ccccc1	1	1.2185259	1
CCCCCCCCCCCCCCCCCCC(OOPOPP(PO)O)(O)O	True	CCCCCCCCCCCCCCCCCCC(O)(O)OOPOPP(O)PO	1	-0.9442367	0
CCC(CP(=O)(O)C=C)Oc1ccccc1C	True	C=CP(=O)(O)CC(CC)Oc1ccccc1C	1	0.9942779	1
CC(C)P(=O)(O)CNC(=O)c1ccc(Cl)cc1	True	CC(C)P(=O)(O)CNC(=O)c1ccc(Cl)cc1	1	0.8956939	1
CCCCCC(C)NOC(P(=O)(O)O)P(=O)(O)O	True	CCCCCC(C)NOC(P(=O)(O)O)P(=O)(O)O	1	-0.15449095	0
O=P(OP(C)P(O)C(O)CCC(CP(PO)(O)O)O)CO	True	CP(O[PH](=O)CO)P(O)C(O)CCC(O)C[PH](O)(O)PO	1	-0.037510455	0
NS(=O)(=O)Oc1ccc(C1CCCC)P(=O)(O)O	True	CCCCC1C(OS(N)(=O)=O)=CC=C1P(=O)(O)O	1	1.1075828	1
CC(C)C(=O)COc1ccccc1	True	CC(C)C(=O)COc1ccccc1	1	1.0875006	1
C=P(OP(O)C(O)(CC(=O)COP(POPOO)O)OC)OO	True	C=[PH](OO)OP(O)C(O)(CC(=O)COP(O)POPOO)OC	1	-0.22973543	0
O=C(OP(=O)(O)OCC1CCCCCC1P(=O)(O)O)O	True	O=C(O)OP(=O)(O)OCC1CCCCCC1P(=O)(O)O	1	0.95485145	1
CC(CCP(=O)(O)OC(P(=O)OO)O)P(=O)(O)O	True	CC(CCP(=O)(O)OC(O)[PH](=O)OO)P(=O)(O)O	1	-0.33367473	0
NC(CCP(=O)(O)C(O)CCC1CC1CO)c1ccccc1	True	NC(CCP(=O)(O)C(O)CCC1CC1CO)c1ccccc1	1	1.8696918	2
Cc1cccc(S(=O)(=O)NC(=O)NO)c1	True	Cc1cccc(S(=O)(=O)NC(=O)NO)c1	1	0.9933435	1
OCCCCCCCCC(=O)C(C)CC(O)OP(=O)(O)O	True	CC(CC(O)OP(=O)(O)O)C(=O)CCCCCCCCO	1	-0.05453074	0
CCCCOP(=O)(OCCNCCC(=O)O)C(=O)N	True	CCCCOP(=O)(OCCNCCC(=O)O)C(N)=O	1	-0.20760709	0
CC(NC(=O)OCCO)OC(C(=O)O)C(N)=O	True	CC(NC(=O)OCCO)OC(C(N)=O)C(=O)O	1	-0.13928223	0
CCCCCCOPOC(S)=NC(N)=CP(=O)(O)O	True	CCCCCCOPOC(S)=NC(N)=CP(=O)(O)O	1	-0.08900088	0
COc1cc(Br)ccc1CCCCCN	True	COc1cc(Br)ccc1CCCCCN	1	1.2506514	1
CC=C(NC(=O)c2ccccn2)N=O	True	CC=C(N=O)NC(=O)c1ccccn1	1	1.5467281	1
COc1ccnc(N)ccc1	True	COC1=CC=NC(N)=CC=C1	1	1.2920189	1
N=CCCP(=O)(O)C(O)c1c(OP(=O)(O)O)cc1	True	N=CCCP(=O)(O)C(O)C1=C(OP(=O)(O)O)C=C1	1	0.8360331	1
CC(=O)NC=C(C(OP(=O)P(=O)(O)O)(O)N)	True	CC(=O)NC=CC(N)(O)O[PH](=O)P(=O)(O)O	1	-0.36407834	0
CCCCCCCCCCCC(=O)NCC(O)P(=O)(O)O	True	CCCCCCCCCCCC(=O)NCC(O)P(=O)(O)O	1	-0.26660532	0
CNC(=O)c1cccc(I)c1O	True	CNC(=O)c1cccc(I)c1O	1	0.9461419	1
O=C(O)C(CC(=O)Nc1ccccc1)P(=O)(O)=O	True	O=C(CC(C(=O)O)[PH](=O)(=O)O)Nc1ccccc1	1	0.7403631	1
CCCCCCOCCNNC(P(=O)(O)N)P(=O)(O)O	True	CCCCCCOCCNNC(P(N)(=O)O)P(=O)(O)O	1	-0.00080770254	0
O=[N+]([O-])C1C(O)(CCOP(=O)(O)O)c1	True	O=[N+]([O-])C1CC1(O)CCOP(=O)(O)O	1	0.76457673	1
CCCCC(=O)NSCCNC(CC)CCP(=O)(O)F	True	CCCCC(=O)NSCCNC(CC)CCP(=O)(O)F	1	0.18127346	0
O=P(O)(O)C(Nc1ccc(F)cc1)P(=O)(O)O	True	O=P(O)(O)C(Nc1ccc(F)cc1)P(=O)(O)O	1	0.9570427	1
Nc1ccncc1	True	Nc1ccncc1	1	1.09993	1
CC(C)=CCCC(C)=CCCC(C)=PPCOP(=C)(O)O	True	C=P(O)(O)OCPP=C(C)CCC=C(C)CCC=C(C)C	1	-0.3780235	0
O=P(O)(O)=C(C(=O)O)C1CC1C(=O)OC	True	COC(=O)C1CC1C(C(=O)O)=[PH](=O)(O)O	1	0.8119324	1
CCCCCCCCCCCCCCCCCC(=O)OCP(=O)(O)O	True	CCCCCCCCCCCCCCCCCC(=O)OCP(=O)(O)O	1	-0.64543515	0
CCCCCCNNC(P(=O)(O)O)P(=O)(O)O	True	CCCCCCNNC(P(=O)(O)O)P(=O)(O)O	1	-0.40388614	0
NCCCCPCPCC(OP(=O)(O)OOPPPPP(PO)O)(O)OO	True	NCCCCPCPCC(O)(OO)OP(=O)(O)OOPPPPP(O)PO	1	-0.78573674	0
CCCCCC=CCC=CCC=CCC=CCCCC(=O)NCC	True	CCCCCC=CCC=CCC=CCC=CCCCC(=O)NCC	1	-0.61535066	0
CC1N=C(C)CNCCOC(=S)CC1	True	CC1=NC(C)CCC(=S)OCCNC1	1	1.2095232	1
CCC(=S(N)C(N)=O)Nc1ccc(F)cc1	True	CCC(Nc1ccc(F)cc1)=S(N)C(N)=O	1	0.823794	1
CC(C)CCCC(P(=O)(O)O)C(=O)O	True	CC(C)CCCC(C(=O)O)P(=O)(O)O	1	-0.23613626	0
CCCCCCCC(N)(P(=O)(O)O)P(=O)(O)O	True	CCCCCCCC(N)(P(=O)(O)O)P(=O)(O)O	1	-0.44505996	0
O=C(O)COC(O)(C)c1ccccc1OP(=O)(O)O	True	CC(O)(OCC(=O)O)c1ccccc1OP(=O)(O)O	1	0.8808606	1
NCCCCP(CCP(OPC(O)PC(O)P(POP(O)O)O)O)OO	True	NCCCCP(CCP(O)OPC(O)PC(O)P(O)POP(O)O)OO	1	-0.5620886	0
O=P(O)(O)C(O)(Cc1cccnc1)P(=O)(O)O	True	O=P(O)(O)C(O)(Cc1cccnc1)P(=O)(O)O	1	1.0219359	1
CC(C)PCCCC(C)=CCCC(CO)OPP(P(PO)(O)O)O	True	CC(=CCCC(CO)OPP(O)[PH](O)(O)PO)CCCPC(C)C	1	-0.42971718	0
CC(C)(C)OC(=O)NCCCc1ccccc1	True	CC(C)(C)OC(=O)NCCCc1ccccc1	1	0.92265975	1
CNc1ccc(Cl)cc1	True	CNc1ccc(Cl)cc1	1	0.91733104	1
O=P(O)(O)C(C)(Cc1cccnc1)P(=O)(O)O	True	CC(Cc1cccnc1)(P(=O)(O)O)P(=O)(O)O	1	1.1005585	1
CCC(C)(C)C(=O)C(C)Cc1ccccc1	True	CCC(C)(C)C(=O)C(C)Cc1ccccc1	1	0.7351023	1
CCCCCCC(PC(O)(O)O)P(=O)(O)O	True	CCCCCCC(PC(O)(O)O)P(=O)(O)O	1	-0.33876878	0
O=P(OP(C)C(O)(CCCCCCO)OPPPO)P(PO)(O)O	True	CP(O[PH](=O)[PH](O)(O)PO)C(O)(CCCCCCO)OPPPO	1	-0.51538616	0
Cc1cc(N=C2OCCO)c(C2C)sP1=O	True	CC1=CC2=C(S[PH]1=O)C(C)C(OCCO)=N2	1	2.0339406	2
CCCCCC=CCC=CCCCCCCCCCCCCP(=O)(F)O	True	CCCCCC=CCC=CCCCCCCCCCCCCP(=O)(O)F	1	-0.26644123	0
CC(C)=CCCC(C)=C(NC(C)=O)P(=O)(O)OC	True	COP(=O)(O)C(NC(C)=O)=C(C)CCC=C(C)C	1	-0.38239843	0
O=P(O)(O)C(C)(Cc1C(O)C1)P(=O)(O)O	True	CC(CC1CC1O)(P(=O)(O)O)P(=O)(O)O	1	0.90455294	1
CCCCCCCCCCCCCCCCCC(C)C(O)P(=O)(O)O	True	CCCCCCCCCCCCCCCCCC(C)C(O)P(=O)(O)O	1	-0.78642887	0
NC(C(=O)O)CCSC(=O)C1CC1C(=O)O	True	NC(CCSC(=O)C1CC1C(=O)O)C(=O)O	1	0.8658221	1
O=P(OP(O)C(O)CCCCCC1CC1)P(=P)(O)(O)O	True	O=[PH](OP(O)C(O)CCCCCC1CC1)[PH](O)(O)(O)=P	1	0.9189977	1
CCCCCCCCCCCC(=O)CCCCOP(=O)(O)OS	True	CCCCCCCCCCCC(=O)CCCCOP(=O)(O)OS	1	-0.1827007	0
CCCCCC1CC2CC(CC2)C1CN=CP(=O)(O)O	True	CCCCCC1CC2CCC(C2)C1CN=CP(=O)(O)O	1	2.447299	2
COC(=O)C=CN(C(=O)C1)CCC1Cl	True	COC(=O)C=CN1CCC(Cl)CC1=O	1	0.87593675	1
NC(COP(=O)(O)CC=Cc1ccccc1)P(=O)(O)O	True	NC(COP(=O)(O)CC=Cc1ccccc1)P(=O)(O)O	1	0.7283466	1
CCCCC=CCCC(=O)NC(CC(C)=O)O	True	CCCCC=CCCC(=O)NC(O)CC(C)=O	1	-0.3639809	0
O=C(O)CNC(=O)c1cccnc1	True	O=C(O)CNC(=O)c1cccnc1	1	0.94905835	1
CCCC1=C(c2cccnc2)C(=O)OCc1O	True	CCCC1=C(c2cccnc2)C(=O)OCC1O	1	2.0094547	2
O=P(C)(O)C(O)CCC1CCCCC1PP(=O)(O)O	True	CP(=O)(O)C(O)CCC1CCCCC1PP(=O)(O)O	1	1.1564184	1
CC1CCN(Cc2ccccc2)C(C#N)C1C	True	CC1CCN(Cc2ccccc2)C(C#N)C1C	1	2.0855098	2
CCCCCCCCCNCC(P(=O)(O)O)P(=O)(O)O	True	CCCCCCCCCNCC(P(=O)(O)O)P(=O)(O)O	1	-0.12656099	0
CC(C)(C)CCOCC(O)C(=O)c1c(=O)c1	True	CC(C)(C)CCOCC(O)C(=O)c1cc1=O	1	0.91493475	1
CCCCCPCCCC1CC(P(=O)OCOPPP(O)(OO)O)O1	True	CCCCCPCCCC1CC([PH](=O)OCOPP[PH](O)(O)OO)O1	1	0.2305732	1
NOc1ccc(C(=O)O)cc1	True	NOc1ccc(C(=O)O)cc1	1	1.0066295	1
O=C(O)CC(=O)c1cccc([N+](=O)[O-])c1	True	O=C(O)CC(=O)c1cccc([N+](=O)[O-])c1	1	0.6717924	1
CC(=O)NCCCS=C(OCC(N)C)C	True	CC(=O)NCCC[SH]=C(C)OCC(C)N	1	0.10185924	0
CCCCNP(=O)(O)OC(CO)Cc1cccc(Cl)c1	True	CCCCNP(=O)(O)OC(CO)Cc1cccc(Cl)c1	1	1.0298746	1
O=C(Nc1ccccc1[N+](=O)[O-])c1ccccc1	True	O=C(Nc1ccccc1[N+](=O)[O-])c1ccccc1	1	2.080514	2
O=C(CP(=O)(OPC(O)(O)O)OP(=O)(O)O)CO	True	O=C(CO)CP(=O)(OPC(O)(O)O)OP(=O)(O)O	1	-0.09046078	0
CCCCCCCCC1=CCC=C(C=CC1)CCCO	True	CCCCCCCCC1=CCC=C(CCCO)C=CC1	1	0.9392926	1
C=CCCP(=O)(C)CCCCOCOOOPPPOOP(=O)(O)O	True	C=CCCP(C)(=O)CCCCOCOOOPPPOOP(=O)(O)O	1	-0.34172124	0
NC(=O)C(CCCC(OO)OCCP(=O)PO)P(=O)(O)O	True	NC(=O)C(CCCC(OO)OCC[PH](=O)PO)P(=O)(O)O	1	-0.31261152	0
O=C1CC(O)CC(=O)CC(O)PC(C(=O)O)1C	True	CC1(C(=O)O)PC(O)CC(=O)CC(O)CC1=O	1	0.91767985	1
CCCCCCCCC(C)(P(=O)(O)O)P(=O)(O)OC	True	CCCCCCCCC(C)(P(=O)(O)O)P(=O)(O)OC	1	-0.24055964	0
CC(CCP(=O)(O)CP1COC(O)O)C(=O)OC1	True	CC1CCP(=O)(O)CP(COC(O)O)COC1=O	1	0.5826999	1
O=[N+]([O-])C1Occ(O)c(O)c1O	True	O=[N+]([O-])C1OC=C(O)C(O)=C1O	1	0.83973724	1
CCCCCCCCCCCCNCCCC(N)=O	True	CCCCCCCCCCCCNCCCC(N)=O	1	-0.14960694	0
O=C(NCCP(=O)NCCC)CCCCCc1ccccc1	True	CCCN[PH](=O)CCNC(=O)CCCCCc1ccccc1	1	1.2016878	1
C=CCCCCC=C(CCC)C(=O)NCCCO	True	C=CCCCCC=C(CCC)C(=O)NCCCO	1	-0.070231855	0
C=CCOc1nccc(CC(S)CP(=O)(O)O)c1	True	C=CCOc1cc(CC(S)CP(=O)(O)O)ccn1	1	1.226975	1
Nc1cc(N)nc(F)c1	True	Nc1cc(N)nc(F)c1	1	0.91251075	1
O=C(O)C(S)=Cc1ccc(I)cc1	True	O=C(O)C(S)=Cc1ccc(I)cc1	1	0.9116181	1
CCCCCCCC(NC(P(=O)(O)O)P(=O)(O)O)	True	CCCCCCCCNC(P(=O)(O)O)P(=O)(O)O	1	-0.3857332	0
CN(C)c1ccc(NS(O)(=C)=O)cc1	True	C=S(=O)(O)Nc1ccc(N(C)C)cc1	1	1.0143027	1
CN(C1=CCCC(C)(C)C(O)O)OC1	True	CN1OCC1=CCCC(C)(C)C(O)O	1	0.8990643	1
Cc1cncnc1NC(P(=O)(O)O)P(=O)(O)O	True	Cc1cncnc1NC(P(=O)(O)O)P(=O)(O)O	1	0.86482155	1
CC(C)SCCC=CCC(N)=NCNc1ccccc1	True	CC(C)SCCC=CCC(N)=NCNc1ccccc1	1	1.2989025	1
COC(=O)c1c(CO)NNcc1[N+](=O)[O-]	True	COC(=O)C1=C(CO)NNC=C1[N+](=O)[O-]	1	1.102499	1
CCN(CC)CCNCn1ccc(C#N)c1	True	CCN(CC)CCNCn1ccc(C#N)c1	1	1.0808868	1
CC(=O)Nc1ccccc1OC(O)CNCP(=O)(O)O	True	CC(=O)Nc1ccccc1OC(O)CNCP(=O)(O)O	1	1.0950518	1
CCCCC(=O)CCCNOC(P(=O)(O)C)P(=O)(O)O	True	CCCCC(=O)CCCNOC(P(C)(=O)O)P(=O)(O)O	1	-0.23405468	0
NCCCCP(=O)(O)C(C)C(=O)OP(=O)(O)O	True	CC(C(=O)OP(=O)(O)O)P(=O)(O)CCCCN	1	-0.21507877	0
O=C(OP(=O)COP(=O)Cc1ccccc1)P(=O)(O)O	True	O=C(O[PH](=O)CO[PH](=O)Cc1ccccc1)P(=O)(O)O	1	0.8135405	1
NSCCCC(P(=O)(O)CC(C)C(C)C)=O	True	CC(C)C(C)CP(=O)(O)C(=O)CCCSN	1	-0.30063945	0
NC(COCCN1CC(O)C1O)C1CCCC1	True	NC(COCCN1CC(O)C1O)C1CCCC1	1	1.9524226	2
O=P(O)(O)C(O)(Cc1cccnc1)P(=O)(O)O	True	O=P(O)(O)C(O)(Cc1cccnc1)P(=O)(O)O	1	1.0219359	1
CCCCOP(=O)(CCCCC1CC(=O)NO)n1	True	CCCCOP1(=O)CCCCC(CC(=O)NO)N1	1	0.91659373	1
CCCCCCCCCPCC(CCCOP(=O)POPO)OP(=O)(O)O	True	CCCCCCCCCPCC(CCCO[PH](=O)POPO)OP(=O)(O)O	1	-0.710488	0
CC(=O)OC(O)(NC(N)CO)c1ccoc1O	True	CC(=O)OC(O)(NC(N)CO)c1ccoc1O	1	1.1603849	1
CCCCCPCC(CCC)CCC(=O)OCPPPP(=P)(O)(O)O	True	CCCCCPCC(CCC)CCC(=O)OCPPP[PH](O)(O)(O)=P	1	-0.7581994	0
CCCCCCNNC(F)(P(=O)(O)O)P(=O)(O)O	True	CCCCCCNNC(F)(P(=O)(O)O)P(=O)(O)O	1	-0.110452	0
CCCCCCCCCCCCCCCCCCCC	True	CCCCCCCCCCCCCCCCCCCC	1	-0.16620106	0
O=[N+]([O-])c1cnc(S)cc1	True	O=[N+]([O-])c1ccc(S)nc1	1	1.1035634	1
CC(N)P(=O)(O)CC1CCCC(=O)OC1	True	CC(N)P(=O)(O)CC1CCCC(=O)OC1	1	0.8272381	1
NCCCCC(C)NCC(P(=O)(O)O)P(=O)(O)O	True	CC(CCCCN)NCC(P(=O)(O)O)P(=O)(O)O	1	-0.15482402	0
COc1ccccc1NC(=O)NCC(=C)c1ccccc1	True	C=C(CNC(=O)Nc1ccccc1OC)c1ccccc1	1	2.2396653	2
CCCCCCCCCCCCCCCCOC(=O)C	True	CCCCCCCCCCCCCCCCOC(C)=O	1	-0.28516328	0
NNC(=S)NCc1ccnc(S)sc1	True	NNC(=S)NCC1=CSC(S)=NC=C1	1	1.079659	1
CCCCCCCCCCCCCC(=O)OCC(=PP(=O)(O)O)O	True	CCCCCCCCCCCCCC(=O)OCC(O)=PP(=O)(O)O	1	-0.5292904	0
CN(C)CC1C(=O)C1C(=O)O	True	CN(C)CC1C(=O)C1C(=O)O	1	1.2603791	1
CCCCCC=CCC=CCC=CCC=CCCCP(=O)(O)O	True	CCCCCC=CCC=CCC=CCC=CCCCP(=O)(O)O	1	-0.54534554	0
CCCCCCC(CC(=O)P(=O)(O)O)P(=O)(O)O	True	CCCCCCC(CC(=O)P(=O)(O)O)P(=O)(O)O	1	-0.5954358	0
CCCCCCCCCCOCC(P(=O)(O)O)P(=O)(O)O	True	CCCCCCCCCCOCC(P(=O)(O)O)P(=O)(O)O	1	-0.5305343	0
OCC(O)c1cc2cccc(O)c12	True	OCC(O)C1=Cc2cccc(O)c21	1	1.8697102	2
Cc1ccccc1S(=O)(=C)N1CCN=CCCO1	True	C=S(=O)(c1ccccc1C)N1CCN=CCCO1	1	1.943502	2
CCCCCCCCCCCCCCCCCCCCC(P(=O)(O)O)	True	CCCCCCCCCCCCCCCCCCCCCP(=O)(O)O	1	-0.4436295	0
Cc1ccc(C=CC(=O)NC2COCC2=O)cc1	True	Cc1ccc(C=CC(=O)NC2COCC2=O)cc1	1	2.025982	2
CC(CCP(=O)(O)P(=O)(O)O)P(=O)(O)O	True	CC(CCP(=O)(O)P(=O)(O)O)P(=O)(O)O	1	-0.33439183	0
O=C(O)C1OCC(O)CSPC(=O)C1	True	O=C1CC(C(=O)O)OCC(O)CSP1	1	0.8311816	1
CCCCCCCNC(P(=O)(O)O)P(=O)(O)O	True	CCCCCCCNC(P(=O)(O)O)P(=O)(O)O	1	-0.38076943	0
CN1C(=N)NC(c2ccccc2)c1	True	CN1CC(c2ccccc2)NC1=N	1	1.9972079	2
O=P(OP(O)C(O)CCc1ccccc1O)P(=O)(O)O	True	O=[PH](OP(O)C(O)CCc1ccccc1O)P(=O)(O)O	1	0.63716376	1
OCP(O)(O)C(O)(Cn1c(F)n1)P(=O)(O)O	True	O=P(O)(O)C(O)(CN1N=C1F)[PH](O)(O)CO	1	1.1106303	1
CCCCCCCCCCCCCCCCCCC(=O)OPP(=O)(O)O	True	CCCCCCCCCCCCCCCCCCC(=O)OPP(=O)(O)O	1	-0.94274324	0
CCCCCPCCOC(C)C(C)C(CCOP(POP(=O)OO)O)O	True	CCCCCPCCOC(C)C(C)C(O)CCOP(O)PO[PH](=O)OO	1	-0.31252068	0
CCOC(=O)c1ccc(O)cc1	True	CCOC(=O)c1ccc(O)cc1	1	0.9902757	1
CNC(=O)c1ccc(O)ccs1	True	CNC(=O)C1=CC=C(O)C=CS1	1	1.1421866	1
NC(COP(=O)(O)CCCCc1ccncc1)P(=O)(O)O	True	NC(COP(=O)(O)CCCCc1ccncc1)P(=O)(O)O	1	0.94568706	1
CN(C)CCCCC(=O)NC(=O)C(O)P(=O)(O)O	True	CN(C)CCCCC(=O)NC(=O)C(O)P(=O)(O)O	1	-0.21184933	0
O=[N+]([O-])c1cccnc1[N+]POPP(=O)(O)O	True	O=[N+]([O-])c1cccnc1[N+]POPP(=O)(O)O	1	0.5372024	1
CCC(CC)C(C)N(C(F)F)P(=O)(O)O	True	CCC(CC)C(C)N(C(F)F)P(=O)(O)O	1	0.002496034	0
CCCCCCN(C=O)NC(=O)C1CCC(O)C1	True	CCCCCCN(C=O)NC(=O)C1CCC(O)C1	1	0.5293294	1
O=C(O)CCCNS(=O)(=O)c1cc(Cl)c1Cl	True	O=C(O)CCCNS(=O)(=O)C1=CC(Cl)=C1Cl	1	0.7470518	1
Nc1c(Br)cc(Br)S(NC(=O)CO)cc1Br	True	NC1=C(Br)C=C(Br)[SH](NC(=O)CO)C=C1Br	1	1.0584474	1
O=P(O)(O)C(O)(Cc1C(F)(F)P(=O)(O)1)O	True	O=P(O)(O)C(O)(O)CC1C(F)(F)P1(=O)O	1	0.83065283	1
CCCCCCCCCCCCC(P(NO)(O)C)P(=O)(O)O	True	CCCCCCCCCCCCC(P(=O)(O)O)[PH](C)(O)NO	1	-0.637973	0
O=P(O)(O)C(Cn1nccn1)P(=O)(O)O	True	O=P(O)(O)C(Cn1nccn1)P(=O)(O)O	1	0.9705651	1
CCP(C)(O)CCCNC1CC(CC1)P(=O)(O)O	True	CC[PH](C)(O)CCCNC1CCC(P(=O)(O)O)C1	1	0.9755501	1
CCCCCCCC(=O)NC1CCCC1CNP(=O)(O)O	True	CCCCCCCC(=O)NC1CCCC1CNP(=O)(O)O	1	0.69932437	1
CCCCCCNNC(P(=O)(O)O)P(=O)(O)O	True	CCCCCCNNC(P(=O)(O)O)P(=O)(O)O	1	-0.40388614	0
NNC(=O)C1CCC(N)c1OSC=O	True	NNC(=O)C1CCC(N)C1OSC=O	1	1.2375486	1
CC(C)CCN=CP(N)N(O)OCC(=O)O	True	CC(C)CCN=CP(N)N(O)OCC(=O)O	1	-0.0914675	0
N#CC(C#N)=Cc1ccc(C)CC1	True	CC1=CC=C(C=C(C#N)C#N)CC1	1	1.0368133	1
C#CC1CCCN1C(=O)C(CCC(=O)OCN)PC=O	True	C#CC1CCCN1C(=O)C(CCC(=O)OCN)PC=O	1	1.265028	1
CCCCCPCCCC(C)CCOC(OOP(O)PPO)P(OO)(O)O	True	CCCCCPCCCC(C)CCOC(OOP(O)PPO)[PH](O)(O)OO	1	-0.82121414	0
SCC=NCCc1ccccn1	True	SCC=NCCc1ccccn1	1	1.163738	1
O=P(O)(O)C(Nc1ccc(O)cc1)P(=O)(O)OO	True	O=P(O)(O)C(Nc1ccc(O)cc1)P(=O)(O)OO	1	0.8773519	1
O=CCCCOC2(O)OC2=C1OC(O)OC(O)CC1	True	O=CCCCOC1(O)OC1=C1CCC(O)OC(O)O1	1	2.8045657	2
Nc1cccc(C(=O)O)c1	True	Nc1cccc(C(=O)O)c1	1	1.0747695	1
O=P(O)(O)C(O)(Cc1ccccc1)P(=O)(O)O	True	O=P(O)(O)C(O)(Cc1ccccc1)P(=O)(O)O	1	0.97067106	1
O=P(O)(O)C(CNn1cnnc1)NP(=O)(O)O	True	O=P(O)(O)NC(CNn1cnnc1)P(=O)(O)O	1	0.9979244	1
O=P(O)(O)C(Nc1cnc(Cl)cc1)P(=O)(O)O	True	O=P(O)(O)C(Nc1ccc(Cl)nc1)P(=O)(O)O	1	0.86353695	1
CCCNC(=O)C(C)CCCCC(=O)O	True	CCCNC(=O)C(C)CCCCC(=O)O	1	0.22761327	0
O=P(O)(CCP(O)C(O)C(O)CC(POPO)O)(O)O	True	O=[PH](O)(O)(O)CCP(O)C(O)C(O)CC(O)POPO	1	-0.09087098	0
CCCCOP(=O)(OC=CN)Cc1ccccc1	True	CCCCOP(=O)(Cc1ccccc1)OC=CN	1	1.1459837	1
CC(C)=CCCC(C)CCCC(=O)O	True	CC(C)=CCCC(C)CCCC(=O)O	1	-0.0734393	0
CCCCCC(C)(P(=O)(O)C)C(N)=O	True	CCCCCC(C)(C(N)=O)P(C)(=O)O	1	-0.4095952	0
CC(C)c1ccc1N	True	CC(C)C1=CC=C1N	1	0.8001708	1
NCC(=C)NC(=O)c1ccc([N+](=O)[O-])s1	True	C=C(CN)NC(=O)c1ccc([N+](=O)[O-])s1	1	0.658525	1
C#CC=CC=C(C)Cc1c[nH]1	True	C#CC=CC=C(C)CC1=CN1	1	0.72992444	1
CC(CC(C)(CO)O)OCCn1nc(P(=O)(O)O)o1	True	CC(CC(C)(O)CO)OCCn1nc(P(=O)(O)O)o1	1	1.0098755	1
N=C(O)SCCON(C(=O)O)C1CCC1	True	NC(=O)SCCON(C(=O)O)C1CCC1	1	0.6421128	1
CCCCCCCCCCCC(C1CCCCCCOP(=O)(O)O)o1	True	CCCCCCCCCCCC1OC1CCCCCCOP(=O)(O)O	1	0.74547005	1
CC(N)C(O)C(O)(P(=O)(O)O)P(=O)(O)O	True	CC(N)C(O)C(O)(P(=O)(O)O)P(=O)(O)O	1	-0.35020715	0
CCCCCCCCN1C(=O)C(C(=O)P(=O)(O)O)N1	True	CCCCCCCCN1NC(C(=O)P(=O)(O)O)C1=O	1	0.6464546	1
CCCCCCCCCC(OPC(C)(C)O)OP(=O)(O)O	True	CCCCCCCCCC(OPC(C)(C)O)OP(=O)(O)O	1	-0.45901996	0
C#CCOP(=O)(OCCCC=O)Nc1ccc(Cl)cc1	True	C#CCOP(=O)(Nc1ccc(Cl)cc1)OCCCC=O	1	1.0504948	1
N#CCCP(=O)(O)OC(CON)C(=O)C(=O)O	True	N#CCCP(=O)(O)OC(CON)C(=O)C(=O)O	1	0.047583967	0
CCC(CCOP(=O)(O)OP(=O)(O)O)CO	True	CCC(CO)CCOP(=O)(O)OP(=O)(O)O	1	-0.16624409	0
O=C(O)CCP(=O)(O)C(N)CC(=O)O	True	NC(CC(=O)O)P(=O)(O)CCC(=O)O	1	-0.11368364	0
COC1CCCCCNCC(=O)CNC1CCCC1CC1	True	COC1CCCCCNCC(=O)CNC1CCCC1CC1	1	1.943613	2
CCCCCP(=O)(OCCCCC(=O)N(C)O)O	True	CCCCCP(=O)(O)OCCCCC(=O)N(C)O	1	-0.21709937	0
CCCCCCCCCCCCCCCCCCCOCCCOP(=O)(O)OC	True	CCCCCCCCCCCCCCCCCCCOCCCOP(=O)(O)OC	1	-0.37669408	0
NC(COP(=O)(O)CCCCCC)CO	True	CCCCCCP(=O)(O)OCC(N)CO	1	0.24747366	0
CCCCCCCCCOCCC(=CC(=O)O)C(=O)O	True	CCCCCCCCCOCCC(=CC(=O)O)C(=O)O	1	-0.59377867	0
NC(NCP(=O)NCCCc1ccccc1)OCC=CC(=O)O	True	NC(NC[PH](=O)NCCCc1ccccc1)OCC=CC(=O)O	1	1.045649	1
Cc1ccnc(O)c1	True	Cc1ccnc(O)c1	1	0.90199727	1
O=C(CCCS)C(=O)OC1CC(C)C1P(=O)(=O)O	True	CC1CC(OC(=O)C(=O)CCCS)C1[PH](=O)(=O)O	1	0.9139101	1
CCCCCCNCC(O)(P(=O)(O)O)P(=O)(O)O	True	CCCCCCNCC(O)(P(=O)(O)O)P(=O)(O)O	1	-0.29575068	0
CCCCCC=CCC=CCC=CCC=COCCC(=O)OC	True	CCCCCC=CCC=CCC=CCC=COCCC(=O)OC	1	-0.65448827	0
O=P(O)(O)SC(NCCc1ccccc1)C(=O)NO	True	O=C(NO)C(NCCc1ccccc1)SP(=O)(O)O	1	1.2149882	1
O=C(O)CCCCCCCN1CCCC1	True	O=C(O)CCCCCCCN1CCCC1	1	1.3515956	1
CCCCOP(=O)(OCCCC)Oc1cccc(Cl)c1O	True	CCCCOP(=O)(OCCCC)Oc1cccc(Cl)c1O	1	1.1029153	1
CC(C)C(NC(=O)OCc1ccccc1)P(=O)(O)O	True	CC(C)C(NC(=O)OCc1ccccc1)P(=O)(O)O	1	0.8013111	1
CCCCCCCCC(O)(P(=O)(O)O)P(=O)(O)O	True	CCCCCCCCC(O)(P(=O)(O)O)P(=O)(O)O	1	-0.3488289	0
NCCCCP(=O)(O)OP(OC)(O)OOPPPOP(=O)(O)O	True	CO[PH](O)(OOPPPOP(=O)(O)O)OP(=O)(O)CCCCN	1	-0.894715	0
CNCCc1ccccc1	True	CNCCc1ccccc1	1	1.0216851	1
CCCCCC(C)(P(=O)(O)O)P(=O)(O)O	True	CCCCCC(C)(P(=O)(O)O)P(=O)(O)O	1	-0.50437874	0
CCCCCCCCCCCCCCCCCCCC=CCOP(=O)(O)O	True	CCCCCCCCCCCCCCCCCCCC=CCOP(=O)(O)O	1	-0.5548062	0
NC(OCP(=O)(O)Cc1ccccc1)P(=O)(O)O	True	NC(OCP(=O)(O)Cc1ccccc1)P(=O)(O)O	1	0.7701129	1
CCCCCCCCCC(C)=CCOC(=O)OPP(=O)(O)O	True	CCCCCCCCCC(C)=CCOC(=O)OPP(=O)(O)O	1	-0.41344088	0
NC(CCP(=O)(O)CCc1ccccc1)P(=O)(O)O	True	NC(CCP(=O)(O)CCc1ccccc1)P(=O)(O)O	1	0.9584464	1
N=C(NO)CCCS(=O)(=O)NC(C)O	True	CC(O)NS(=O)(=O)CCCC(=N)NO	1	-0.16352862	0
CC(N)Cc1c[nH]cn1	True	CC(N)Cc1c[nH]cn1	1	1.2160223	1
CC(C)CC1CP(C=C(OC(=O)O)COC=C1CO)O	True	CC(C)CC1CP(O)C=C(OC(=O)O)COC=C1CO	1	0.92189837	1
O=C(CP(P)C(O)C(O)C(=O)O)P(P)P(=O)(O)O	True	O=C(O)C(O)C(O)P(P)CC(=O)P(P)P(=O)(O)O	1	-0.37057698	0
CCCCCCCCCCCCP(=O)(O)OOP(=O)(O)O	True	CCCCCCCCCCCCP(=O)(O)OOP(=O)(O)O	1	-0.39806104	0
O=C(COP(=O)(O)Oc1ccccc1)P(=O)(O)O	True	O=C(COP(=O)(O)Oc1ccccc1)P(=O)(O)O	1	0.7304151	1
C=CCOP(=O)(CCCSC(=O)NCC=O)CO	True	C=CCOP(=O)(CO)CCCSC(=O)NCC=O	1	0.22344752	0
O=P(O)(O)C(O)(Cc1ccccc1)P(=O)(O)O	True	O=P(O)(O)C(O)(Cc1ccccc1)P(=O)(O)O	1	0.97067106	1
O=[N+]([O-])c1cccccnc1OC	True	COC1=NC=CC=CC=C1[N+](=O)[O-]	1	1.3026748	1
NCCCC(NCO)CCOP(=O)(O)OP(=O)(O)O	True	NCCCC(CCOP(=O)(O)OP(=O)(O)O)NCO	1	-0.28897566	0
O=P(OC(O)C(NN1nCCCC1)OPPPO)P(=O)(O)O	True	O=[PH](OC(O)C(NN1CCCCN1)OPPPO)P(=O)(O)O	1	0.8954494	1
CC(=O)CCC1=C(Br)ccc(Br)ccc1O	True	CC(=O)CCC1=C(Br)C=CC(Br)=CC=C1O	1	1.5542293	1
CCCCNP(=O)(CCCCC1=O)C(O)C(CO)c1C	True	CCCCNP1(=O)CCCCC(=O)C(C)C(CO)C1O	1	1.0034995	1
CNS(=O)(=O)c1ccc(Cl)N(C)C1	True	CNS(=O)(=O)C1=CC=C(Cl)N(C)C1	1	0.8895315	1
CCSC(=S)N=C1Sc2ccccc2[nH]1	True	CCSC(=S)N=c1[nH]c2ccccc2s1	1	1.9285107	2
CC(NP(=O)CCCCc1ccccc1)P(=O)(O)O	True	CC(N[PH](=O)CCCCc1ccccc1)P(=O)(O)O	1	1.0803859	1
CCCCCCCNC(P(=O)(O)O)P(=O)(O)O	True	CCCCCCCNC(P(=O)(O)O)P(=O)(O)O	1	-0.38076943	0
Sc1nncn1Cc1ccccc1	True	Sc1nncn1Cc1ccccc1	1	2.1359115	2
NCCc1c(C(=O)C(N)NO)cc1	True	NCCC1=C(C(=O)C(N)NO)C=C1	1	1.0611138	1
NCCCCNC(P(=O)(O)O)P(=O)(O)O	True	NCCCCNC(P(=O)(O)O)P(=O)(O)O	1	-0.35366732	0
O=P(O)(O)C(CN1CCCC1)c1ccccc1O	True	O=P(O)(O)C(CN1CCCC1)c1ccccc1O	1	1.6672633	2
CC(CCP(=O)(O)C1=CCC(C)P(=O)(O)O)s1	True	CC1CCP(=O)(O)C(=CCC(C)P(=O)(O)O)S1	1	0.84360945	1
CCCCC(CC)NC(P(=O)(O)O)P(=O)[O-]	True	CCCCC(CC)NC([PH](=O)O)P(=O)(O)O	1	-0.1942032	0
CC(CCP(=O)(O)CCC)c1cc(COC)(O)CN1	True	CCCP(=O)(O)CCC(C)C1=CC(O)(COC)CN1	1	0.9582823	1
NC(CCP(=O)(O)CCO)C(=O)OP(=O)(O)O	True	NC(CCP(=O)(O)CCO)C(=O)OP(=O)(O)O	1	-0.19846278	0
OCC(O)COCC(ON(O)C)CPC(O)P(=O)(O)O	True	CN(O)OC(COCC(O)CO)CPC(O)P(=O)(O)O	1	0.13442972	0
O=P(O)(O)C(O)(CC1=CCCC1)P(=O)(O)O	True	O=P(O)(O)C(O)(CC1=CCCC1)P(=O)(O)O	1	0.9458014	1
NC(CCP(=O)(O)CC1CCCO[N+](=O)[O-])C1	True	NC1CCP(=O)(O)CC(CCCO[N+](=O)[O-])C1	1	0.4111527	1
CCC(O)C(=O)S	True	CCC(O)C(=O)S	1	0.004811406	0
NNC(=S)Nc1ccccc1Br	True	NNC(=S)Nc1ccccc1Br	1	0.87287056	1
CNC(=N)CCC(=O)c1ccccc1	True	CNC(=N)CCC(=O)c1ccccc1	1	0.92872775	1
CCCCCP(O)C(O)CCCC=NC(=O)POP(=O)(O)O	True	CCCCCP(O)C(O)CCCC=NC(=O)POP(=O)(O)O	1	-0.36178452	0
CCCCCCCCCCCC(=O)OP(=O)POP(=O)(O)OO	True	CCCCCCCCCCCC(=O)O[PH](=O)POP(=O)(O)OO	1	-0.38685125	0
Oc1c(Br)cccc1Br	True	Oc1c(Br)cccc1Br	1	1.2523727	1
O=C(O)CCCC(CC(=O)NCCC)CN=CCCCl	True	CCCNC(=O)CC(CCCC(=O)O)CN=CCCCl	1	0.58338904	0
CCN(CC)C(=O)C1(c2ccccc2)c(ON)c1	True	CCN(CC)C(=O)C1(c2ccccc2)C=C1ON	1	2.2064853	2
CCCCCCCP(P(=O)(O)C(P)CO)(O)O	True	CCCCCCC[PH](O)(O)P(=O)(O)C(P)CO	1	-0.4382211	0
O=C(O)CN1CCCC1	True	O=C(O)CN1CCCC1	1	1.0962498	1
CSC(=S)N(P(=O)(O)O)P(=O)(O)O	True	CSC(=S)N(P(=O)(O)O)P(=O)(O)O	1	-0.16822308	0
CC(SCC(P(=O)(O)O)P(=O)(O)O)O	True	CC(O)SCC(P(=O)(O)O)P(=O)(O)O	1	-0.12973374	0
COc1ccccc1OC(C)(O)C(=O)CO	True	COc1ccccc1OC(C)(O)C(=O)CO	1	1.0204265	1
N#CCCC(O)NNC(P(=O)(O)O)P(=O)(O)O	True	N#CCCC(O)NNC(P(=O)(O)O)P(=O)(O)O	1	-0.048253387	0
CC(=O)NCCCc1c[nH]cn1	True	CC(=O)NCCCc1c[nH]cn1	1	1.0844076	1
O=P(O)(O)C(N)(c1cnccncc1)P(=O)(O)O	True	NC(C1=CN=CC=NC=C1)(P(=O)(O)O)P(=O)(O)O	1	1.0356157	1
CC(C)NCC(O)c1ccc(O)cc1	True	CC(C)NCC(O)c1ccc(O)cc1	1	0.8904577	1
CCCCCC(N)C(=O)OCc1ccccn1	True	CCCCCC(N)C(=O)OCc1ccccn1	1	0.9923054	1
COC(=O)C1CCCOCCN1C(=O)O	True	COC(=O)C1CCCOCCN1C(=O)O	1	1.48582	1
Sc1ccc(Br)cc1O	True	Oc1cc(Br)ccc1S	1	0.9630014	1
CC(CCP(=O)(C)CC1C(=O)OP(=O)(O)O)cc1	True	CC1C=CC(C(=O)OP(=O)(O)O)CP(C)(=O)CC1	1	0.72348225	1
CC(CCCCCCC(O)C(C)C(=O)O)P(=O)(O)O	True	CC(C(=O)O)C(O)CCCCCCC(C)P(=O)(O)O	1	-0.36684424	0
CC(C)C(O)C(C#CN1C(C)C1)OP(=O)(O)OC	True	COP(=O)(O)OC(C#CN1CC1C)C(O)C(C)C	1	0.7196958	1
CC(NCP(=O)(O)O)(COCc1ccccc1)C(=O)O	True	CC(COCc1ccccc1)(NCP(=O)(O)O)C(=O)O	1	0.63945544	1
OCC(CP(O)C(O)CC1CC1C(OOPP(P)PO)O)(O)O	True	OCC(O)(O)CP(O)C(O)CC1CC1C(O)OOPP(P)PO	1	0.97571427	1
CC(C)(CC(O)COCC1)C(Cl)c1C(=O)O	True	CC1(C)CC(O)COCCC(C(=O)O)C1Cl	1	0.7624616	1
CCc1cc(C)c(=O)c1	True	CCC1=CC(=O)C(C)=C1	1	0.86705464	1
O=P(O)(O)C(O)(Cc1ccccc1)P(=O)(O)O	True	O=P(O)(O)C(O)(Cc1ccccc1)P(=O)(O)O	1	0.97067106	1
Cc1[nH]nc(N)ccc1	True	CC1=CC=CC(N)=NN1	1	1.3359995	1
O=P(O)(O)C(O)(Cc1cccnc1)P(=O)(O)O	True	O=P(O)(O)C(O)(Cc1cccnc1)P(=O)(O)O	1	1.0219359	1
C#CCC(O)CCCC2CCCNC2C	True	C#CCC(O)CCCC1CCCNC1C	1	1.9627869	1
CCCCCCc1ccc(O)cc1	True	CCCCCCc1ccc(O)cc1	1	0.91759694	1
CC1CCCCCCCCC(P(=O)(O)OPP(=O)(O)O)o1	True	CC1CCCCCCCCC(P(=O)(O)OPP(=O)(O)O)O1	1	1.0097185	1
CC(O)CNCSNS(=O)(=O)c1ccc(Br)cc1	True	CC(O)CNCSNS(=O)(=O)c1ccc(Br)cc1	1	0.924245	1
CCCCCCCCCCCCCCC1CCCC1=CCP(=O)(O)O	True	CCCCCCCCCCCCCCC1CCCC1=CCP(=O)(O)O	1	0.6124991	1
O=C(CP(CO)(OP(CO)(P)=O)P(=P)(O)O)CO	True	O=C(CO)C[PH](CO)(OP(=O)(P)CO)P(O)(O)=P	1	0.06369585	0
CCCCCC=CCC=CCCCCCCCCOCCCP(=O)(O)O	True	CCCCCC=CCC=CCCCCCCCCOCCCP(=O)(O)O	1	-0.5443854	0
O=P(O)(O)C(O)(Cc1ccccc1)P(=O)(O)O	True	O=P(O)(O)C(O)(Cc1ccccc1)P(=O)(O)O	1	0.97067106	1
NCCCC(N)CNCC1CCCCC1	True	NCCCC(N)CNCC1CCCCC1	1	1.3431258	1
CCCCOP(=O)(CCCCnncc1COC)s1	True	CCCCOP1(=O)CCCCN=NC=C(COC)S1	1	1.1389832	1
CCCCCCCCCCCCCC=CCCCCCOP(=O)(O)O	True	CCCCCCCCCCCCCC=CCCCCCOP(=O)(O)O	1	-0.39979178	0
CC(C)N=CC(=N)Cc1ccccccc1O	True	CC(C)N=CC(=N)CC1=CC=CC=CC=C1O	1	1.2917318	1
O=P(O)(O)C(O)(Cc1ccccc1)P(=O)(O)O	True	O=P(O)(O)C(O)(Cc1ccccc1)P(=O)(O)O	1	0.97067106	1
CCOC(=O)CCCCN(C(=O)CCOC)P(=O)(O)OO	True	CCOC(=O)CCCCN(C(=O)CCOC)P(=O)(O)OO	1	0.18249255	0
CCCCOP(=O)(OCC(C)NC(=O)CCC(=O)O)	True	CCCCO[PH](=O)OCC(C)NC(=O)CCC(=O)O	1	-0.30866057	0
CCOC(=O)C(CCCNCCCC1=O)=CC1C	True	CCOC(=O)C1=CC(C)C(=O)CCCNCCC1	1	1.0264448	1
CC(C)CNC(=O)NCCc1ccc(O)cc1	True	CC(C)CNC(=O)NCCc1ccc(O)cc1	1	0.9052842	1
COc1cccc2c1CNCC2	True	COc1cccc2c1CNCC2	1	2.0854077	2
COCc1cc2ccccc2s1	True	COCc1cc2ccccc2s1	1	1.9455221	2
O=P(O)(O)Cc1cccccOccc(O)c1	True	O=P(O)(O)CC1=CC=CC=COC=CC(O)=C1	1	1.4214523	1
CCCCOP(=O)(OCCCC1OC(=O)OC(C)C)C1	True	CCCCOP1(=O)CC(OC(=O)OC(C)C)CCCO1	1	0.75094485	1
CSCCC1NCCNC(P(=O)(O)OCN)C(F)c1	True	CSCCC1CC(F)C(P(=O)(O)OCN)NCCN1	1	0.8855576	1
CCCCCCCCCCCC(CC1OC(CO)P(=O)(O)O)C1	True	CCCCCCCCCCCC1CC(OC(CO)P(=O)(O)O)C1	1	0.52657485	1
CCNCc1cc(C)c(=O)n=1	True	CCNCC1=NC(=O)C(C)=C1	1	0.916841	1
Cc1ccc(C=C2SC(=O)NC2C(=O)O)cc1	True	Cc1ccc(C=C2SC(=O)NC2C(=O)O)cc1	1	1.7959757	2
CC(C)n1ncc(=O)[nH]cn1	True	CC(C)N1N=CNC(=O)C=N1	1	1.3688385	1
NSS	True	NSS	1	-0.03450948	0
CCCCCCNCC(O)(P(=O)(O)O)P(=O)(O)O	True	CCCCCCNCC(O)(P(=O)(O)O)P(=O)(O)O	1	-0.29575068	0
CC(CCCCCCC)CC(=O)OCc1ccc(Cl)cc1	True	CCCCCCCC(C)CC(=O)OCc1ccc(Cl)cc1	1	1.1627891	1
CC(C)(C)C(COCC(O)CNCCCC(=O)O)	True	CC(C)(C)CCOCC(O)CNCCCC(=O)O	1	0.14888081	0
O=P(C)(O)C(Nc1ccc(Cl)NP1)P(=O)(O)O	True	CP(=O)(O)C(NC1=CC=C(Cl)NP1)P(=O)(O)O	1	0.73960984	1
CCCC1CCC(C(=O)NCCC(=O)O)(CO)C1=O	True	CCCC1CCC(CO)(C(=O)NCCC(=O)O)C1=O	1	0.67822814	1
CC(=S)C1=C(CCCC(=O)N1CCC(=O)O)O	True	CC(=S)C1=C(O)CCCC(=O)N1CCC(=O)O	1	1.0641375	1
CC(CCP(=O)(OC)(C)O)C(C)C(C(=O)C)CO	True	CO[PH](C)(=O)(O)CCC(C)C(C)C(CO)C(C)=O	1	-0.31637436	0
CCN1CCCCC(C)C1=O	True	CCN1CCCCC(C)C1=O	1	1.1472738	1
CCCCC=CCCNC(P(=O)(O)O)P(=O)(O)O	True	CCCCC=CCCNC(P(=O)(O)O)P(=O)(O)O	1	-0.27103728	0
NC(CCP(=O)(OPC(O)PO)O)(O)OPC(O)(O)O	True	NC(O)(CCP(=O)(O)OPC(O)PO)OPC(O)(O)O	1	-0.37070328	0
O=P(O)(O)Cc1COCCC1c1ncc(Cl)cc1	True	O=P(O)(O)CC1COCCC1c1ccc(Cl)cn1	1	1.7178726	2
CCCCCCCNCCCNC1CC(CCO)CC1	True	CCCCCCCNCCCNC1CCC(CCO)C1	1	1.0669312	1
CCCNC(=O)NCC(P(=O)(O)O)P(=O)(O)O	True	CCCNC(=O)NCC(P(=O)(O)O)P(=O)(O)O	1	0.0026609004	0
CCCCCCCCC(=O)NCCCCc1ccccc1	True	CCCCCCCCC(=O)NCCCCc1ccccc1	1	0.87809944	1
CCCCCC=CCC=CCC=CCCCCCCP(=O)(O)O	True	CCCCCC=CCC=CCC=CCCCCCCP(=O)(O)O	1	-0.3055058	0
CCCCCCCCCCCCCCCC(=O)NCP(=O)[O-]	True	CCCCCCCCCCCCCCCC(=O)NC[PH](=O)O	1	-0.5877804	0
CC(=O)N1CCC(N)cc1CNO	True	CC(=O)N1CCC(N)C=C1CNO	1	1.3063443	1
NCCCCP(=O)(OP(=O)(O)O)P(=O)(O)N(O)O	True	NCCCCP(=O)(OP(=O)(O)O)P(=O)(O)N(O)O	1	-0.36143094	0
CSc1nN(c2ccccc2)c(=O)c1=O	True	CSC1=NN(c2ccccc2)C(=O)C1=O	1	1.9306066	2
CCCCCCC(=O)C1COC(C)=C1	True	CCCCCCC(=O)C1C=C(C)OC1	1	0.8692329	1
NCCC=CCOc1ccccc1	True	NCCC=CCOc1ccccc1	1	1.191968	1
CSCCOC(=O)N1NCC(NS(N)(=O)=O)cc1	True	CSCCOC(=O)N1C=CC(NS(N)(=O)=O)CN1	1	0.8711593	1
CCC(O)CN1C(=O)C(=O)cccc1C(=O)NO	True	CCC(O)Cn1c(C(=O)NO)cccc(=O)c1=O	1	1.3563156	1
NOc1ccccccc1	True	NOC1=CC=CC=CC=C1	1	1.2951111	1
CC(CS)C(=O)N(CC(=O)O)c1ccccc1	True	CC(CS)C(=O)N(CC(=O)O)c1ccccc1	1	1.0765736	1
CC1CN=CC(=O)N(CSC)OC(CS)C1	True	CSCN1OC(CS)CC(C)CN=CC1=O	1	1.2224811	1
O=C(OCCSCC(=O)Nc1ccccc1)P(=O)(O)O	True	O=C(CSCCOC(=O)P(=O)(O)O)Nc1ccccc1	1	1.0279248	1
CCCCCCCCCC(O)(P(=O)(O)O)P(=O)(O)O	True	CCCCCCCCCC(O)(P(=O)(O)O)P(=O)(O)O	1	-0.4054157	0
CC(C)CCCCC(N)C(P(=O)(O)O)P(=O)(O)O	True	CC(C)CCCCC(N)C(P(=O)(O)O)P(=O)(O)O	1	-0.48972136	0
C=CCn1c(C)(O)c(C(=O)O)c1	True	C=CCN1C=C(C(=O)O)C1(C)O	1	1.0770148	1
CC(=C)CP(=O)(O)OP(=O)(O)O	True	C=C(C)CP(=O)(O)OP(=O)(O)O	1	-0.22241539	0
O=P(O)(O)CC(=O)C1CC(CCC)P(=O)(O)O1	True	CCCC1CC(C(=O)CP(=O)(O)O)OP1(=O)O	1	0.90212	1
CCCC(=O)Nc1ccncn1	True	CCCC(=O)Nc1ccncn1	1	0.9262018	1
OCCCCCCCCC(CCCNc1ccccc1PP(=P)(O)O)OO	True	OCCCCCCCCC(CCCNc1ccccc1PP(O)(O)=P)OO	1	1.0530674	1
C#Cc1cc(CCC(N)CS)c1	True	C#CC1=CC(CCC(N)CS)=C1	1	1.0329261	1
O=P(O)(O)CCCCOCCCCCCCPPPPOOP(=O)(O)O	True	O=P(O)(O)CCCCOCCCCCCCPPPPOOP(=O)(O)O	1	-0.053055435	0
O=S(=P)(NC1CCCC(O)cc1)n1ccnc1F	True	O=S(=P)(NC1C=CC(O)CCC1)n1ccnc1F	1	1.5941925	2
CC(=O)NN(CC(=O)N1C(=O)O)C(=O)C1CCC	True	CCCC1C(=O)N(NC(C)=O)CC(=O)N1C(=O)O	1	0.9947774	1
CCCCCCCC(OC)OC1C(OCCCOP(=O)(O)O)S1	True	CCCCCCCC(OC)OC1SC1OCCCOP(=O)(O)O	1	0.49197903	1
O=[N+]([O-])c1ccc(N2CCNCC2)cc1	True	O=[N+]([O-])c1ccc(N2CCNCC2)cc1	1	2.0552747	2
NC(CCCCCCCCNC(=O)N1CCNC1P(=O)(O)O)C	True	CC(N)CCCCCCCCNC(=O)N1CCNC1P(=O)(O)O	1	0.76560235	1
O=C(CCCP(=O)(O)O)C(F)(F)P(=O)(O)O	True	O=C(CCCP(=O)(O)O)C(F)(F)P(=O)(O)O	1	-0.19378859	0
NC(=S)c1nn(O)cn1	True	NC(=S)c1ncn(O)n1	1	1.0774746	1
CCCCCCCCC=CCCCN	True	CCCCCCCCC=CCCCN	1	0.0125181675	0
O=P(O)(O)C(O)(c1ccccc1)P(=O)(O)O	True	O=P(O)(O)C(O)(c1ccccc1)P(=O)(O)O	1	0.8427243	1
O=C(OP(O)C(OP(O)C(O)O)O)c1ccccc1Cl	True	O=C(OP(O)C(O)OP(O)C(O)O)c1ccccc1Cl	1	0.877304	1
CC(C)CC1C(=O)NNC(=O)c2ccccc21	True	CC(C)CC1C(=O)NNC(=O)c2ccccc21	1	2.108568	2
O=PPOP(O)C(OP(COCP(PO)PPPPPPPPPPPO)OO)O	True	O=PPOP(O)C(O)OP(COCP(PO)PPPPPPPPPPPO)OO	1	-1.1348319	0
NCC(=O)	True	NCC=O	1	-0.12860417	0
CC1C(CS)C(=O)S(=O)(=O)NO1	True	CC1ONS(=O)(=O)C(=O)C1CS	1	0.7516296	1
CC(C)=CCCC(C)=CCCC(N)=CP(=O)(O)O	True	CC(C)=CCCC(C)=CCCC(N)=CP(=O)(O)O	1	-0.41744703	0
NCCCCC(=O)C(C)P(C)C(O)OP(=O)(O)O	True	CC(C(=O)CCCCN)P(C)C(O)OP(=O)(O)O	1	-0.47719878	0
Nc1cccc(C(O)CO)c1	True	Nc1cccc(C(O)CO)c1	1	1.1824982	1
CC(N)P(=O)(O)C(O)c1ccccc1F	True	CC(N)P(=O)(O)C(O)c1ccccc1F	1	0.9952715	1
Cc1cc(N)nc(N)nc(S)n1	True	CC1=CC(N)=NC(N)=NC(S)=N1	1	1.3243906	1
CCCCCCN(C(O)Ncccc1)C(=O)NCcc1	True	CCCCCCN1C(=O)NCC=CC=CC=CNC1O	1	1.0728962	1
O=P(O)(O)C(CP(CO)(C)CCCOPO)P(PO)(O)O	True	C[PH](CO)(CCCOPO)CC(P(=O)(O)O)[PH](O)(O)PO	1	-0.31636888	0
O=P(O)(O)C(OC(CC(CC)COP(PO)PF)O)(O)O	True	CCC(COP(PO)PF)CC(O)OC(O)(O)P(=O)(O)O	1	0.013994902	0
CCSCC=C(CCCCc1ncccc1)NP(=O)(O)O	True	CCSCC=C(CCCCc1ccccn1)NP(=O)(O)O	1	1.127625	1
O=[N+]([O-])c1cncc([N+](=O)[O-])c1	True	O=[N+]([O-])c1cncc([N+](=O)[O-])c1	1	0.84997845	1
CCCCS(=O)(=O)N1CCCCC1	True	CCCCS(=O)(=O)N1CCCCC1	1	1.033216	1
CCCCCCCCNNC(P(=C)(O)O)P(=O)(O)O	True	C=P(O)(O)C(NNCCCCCCCC)P(=O)(O)O	1	-0.3797751	0
CCOC(=O)C(Cc1ccccc1)P(=O)(O)CO	True	CCOC(=O)C(Cc1ccccc1)P(=O)(O)CO	1	1.1107662	1
CC(=N)NCC1C(OC(C)C(=O)O)C(=O)C1	True	CC(=N)NCC1CC(=O)C1OC(C)C(=O)O	1	0.8463829	1
O=P(O)(O)C(O)(Cc1ccncn1)P(=O)(O)O	True	O=P(O)(O)C(O)(Cc1ccncn1)P(=O)(O)O	1	1.0707655	1
O=P(OP(=O)(O)CCCCC(F)(P)PF)P(=O)(O)O	True	O=[PH](OP(=O)(O)CCCCC(F)(P)PF)P(=O)(O)O	1	-0.028025478	0
NCc1noc(C(=O)O)n1	True	NCc1noc(C(=O)O)n1	1	1.2373308	1
O=[N+]([O-])c1cc(C(F)CPPP(O)(O)O)c1	True	O=[N+]([O-])C1=CC(C(F)CPP[PH](O)(O)O)=C1	1	0.40959376	1
COc1cc([N+](=O)[O-])c(OC)cc1	True	COc1ccc(OC)c([N+](=O)[O-])c1	1	0.67238146	1
CC(C)Cn1n(C)nccc(Cl)cc(O)[nH]1	True	CC(C)CN1NC(O)=CC(Cl)=CC=NN1C	1	1.505866	1
CCCCCCCCCC(O)(P(=O)(O)O)P(=O)(O)O	True	CCCCCCCCCC(O)(P(=O)(O)O)P(=O)(O)O	1	-0.4054157	0
Cc1cccnc1NC(P(=O)(O)O)P(=O)(O)O	True	Cc1cccnc1NC(P(=O)(O)O)P(=O)(O)O	1	0.760897	1
C#CCN(O)CC1CCCCC1	True	C#CCN(O)CC1CCCCC1	1	1.0321574	1
O=CCCCCC(CC(O))C(C(=O)O)P(=O)(O)O	True	O=CCCCCC(CCO)C(C(=O)O)P(=O)(O)O	1	0.028542519	0
O=[N+]([O-])OCNCNCc1ccccc1	True	O=[N+]([O-])OCNCNCc1ccccc1	1	1.2243495	1
CC(C)C(N)C(=O)OC(=O)C(C)C	True	CC(C)C(=O)OC(=O)C(N)C(C)C	1	-0.05543238	0
CCCCCCCCCSc1ccc([N+](=O)[O-])cn1	True	CCCCCCCCCSc1ccc([N+](=O)[O-])cn1	1	1.023746	1
CCOc1ccc(C#N)cc1	True	CCOc1ccc(C#N)cc1	1	0.9790488	1
O=C(CC=Cc1ccccc1)NNCCCSO	True	O=C(CC=Cc1ccccc1)NNCCCSO	1	1.5213168	1
CC(P(=O)OCCC)CCCC(=O)OCc1ccccc1	True	CCCO[PH](=O)C(C)CCCC(=O)OCc1ccccc1	1	1.1139467	1
CCCCC=CCCC(C)=CCOP(=O)(PPPP(PO)O)(O)O	True	CCCCC=CCCC(C)=CCO[PH](=O)(O)(O)PPPP(O)PO	1	-0.5659954	0
O=C(CP(P)C(O)C(O)C(CO)OPPP=O)P(O)C(O)O	True	O=PPPOC(CO)C(O)C(O)P(P)CC(=O)P(O)C(O)O	1	-0.27287656	0
CN(C)CCCCOc1ccccc1	True	CN(C)CCCCOc1ccccc1	1	1.1419952	1
C=CC1OCOc2ccccc2C(=O)NCCN1	True	C=CC1NCCNC(=O)c2ccccc2OCO1	1	2.1565995	2
O=C(O)C1CCC1	True	O=C(O)C1CCC1	1	1.0272582	1
CC(OC1=CCOCCP(=O)(=CCCC1)C(=O)O)CC	True	CCC(C)OC1=CCOCC[PH](=O)(C(=O)O)=CCCC1	1	1.1521862	1
CC(C)(C)NC(=O)c1ccccc1CC(=O)O	True	CC(C)(C)NC(=O)c1ccccc1CC(=O)O	1	0.962277	1
N=C1NC(=O)C(=Cc2ccccc2)S1	True	N=C1NC(=O)C(=Cc2ccccc2)S1	1	1.9993141	2
CC(CCP(=O)(O)CCO)c1ccccc1CO	True	CC(CCP(=O)(O)CCO)c1ccccc1CO	1	1.0280405	1
CCCCN(CC(C)CO)c1ccc(O)c(O)c1	True	CCCCN(CC(C)CO)c1ccc(O)c(O)c1	1	0.9836301	1
CCC(CS(C)C(O)=O)Oc1ccccc1	True	CCC(C[SH](C)C(=O)O)Oc1ccccc1	1	0.85011387	1
CCC=CCCCCCCCCCP(=O)(O)O	True	CCC=CCCCCCCCCCP(=O)(O)O	1	-0.11722499	0
NS(=O)(=O)c1ccc(SCNS(=O)=O)cc1C	True	Cc1cc(SCN[SH](=O)=O)ccc1S(N)(=O)=O	1	0.8226038	1
CCN(CC)C(=O)Cc1ccc(C)cc1O	True	CCN(CC)C(=O)Cc1ccc(C)cc1O	1	0.85262156	1
CCCCCCCCCCCC(P(=O)(O)OPP(O)C(O)O)OO	True	CCCCCCCCCCCC(OO)P(=O)(O)OPP(O)C(O)O	1	-0.294204	0
CC(=O)C=CC(C)C(=O)C(O)OCP(=O)(O)	True	CC(=O)C=CC(C)C(=O)C(O)OC[PH](=O)O	1	-0.105419934	0
CCCCCPCCCCCCPCCCOP(OOPPPPPPP=O)POOP(OO)	True	CCCCCPCCCCCCPCCCOP(OOPPPPPPP=O)POOPOO	1	-1.3384857	0
NC(=Nc1ccccc1)P(=O)(O)O	True	NC(=Nc1ccccc1)P(=O)(O)O	1	0.88179046	1
O=P(OP(O)C(O)(C)OP(=O)(OPOP)PP(O)(O)O)	True	CC(O)(OP(=O)(OPOP)P[PH](O)(O)O)P(O)OP=O	1	-0.611685	0
CCCC(=O)CCCC1CSC(O)C(O)C1CO	True	CCCC(=O)CCCC1CSC(O)C(O)C1CO	1	1.1864176	1
NC(CCP(=O)(O)C1CCOCCCOP(=O)(O)O)CC1	True	NC1CCC(CCOCCCOP(=O)(O)O)P(=O)(O)CC1	1	0.8269608	1
O=P(O)(C)C(=CCC)CCCCP(=O)(O)O	True	CCC=C(CCCCP(=O)(O)O)P(C)(=O)O	1	-0.020720214	0
CCCCCC=CCC=CCC=CCC=CCCCCO	True	CCCCCC=CCC=CCC=CCC=CCCCCO	1	-0.4473788	0
CCCCCCC(C)OC(=O)CC(C)(C)C	True	CCCCCCC(C)OC(=O)CC(C)(C)C	1	-0.24149662	0
CCCCNP(=O)(OCCCC(O)C(O)C)(C)CC	True	CCCCN[PH](C)(=O)(CC)OCCCC(O)C(C)O	1	-0.2218197	0
NC(CCP(=O)(O)CCc1ccccc1P)CC(=O)O	True	NC(CCP(=O)(O)CCc1ccccc1P)CC(=O)O	1	0.9571188	1
CCCCCCCCC=CCCCCCCC(=O)NC(=O)NO	True	CCCCCCCCC=CCCCCCCC(=O)NC(=O)NO	1	-0.67794615	0
O=C(O)Cc1ncccc1	True	O=C(O)Cc1ccccn1	1	1.0294428	1
CC(N)P(=O)(O)CCCC(=O)OP(O)P(=O)(O)O	True	CC(N)P(=O)(O)CCCC(=O)OP(O)P(=O)(O)O	1	-0.15314579	0
NC(CCC=CC(=O)N1CCCC(P(PO)(O)O)O)c1C	True	CC1C(N)CCC=CC(=O)N1CCCC(O)[PH](O)(O)PO	1	0.8223425	1
O=[N+]([O-])OC1CCCC1CCCN	True	NCCCC1CCCC1O[N+](=O)[O-]	1	0.94962776	1
C=C(CCCP(=O)(O)O)C(F)(P)P(=O)(O)O	True	C=C(CCCP(=O)(O)O)C(F)(P)P(=O)(O)O	1	-0.3019222	0
CCCCCP(=O)(O)C(O)C(OC(O)C(=O)O)O	True	CCCCCP(=O)(O)C(O)C(O)OC(O)C(=O)O	1	-0.11948335	0
CCCCCP(=O)(=CCCCNCc1c2ccc(F)cc2)c1	True	CCCCC[PH]1(=O)=CCCCNCC(c2ccc(F)cc2)=C1	1	2.1362941	2
CN1CCC2C(CC(N)=O)C2=C(C2=O)cc12	True	CN1CCC2C(=C3C=C1C3=O)C2CC(N)=O	1	2.687811	4
CC(CCP(=O)(O)CP(CC)(O)O)P(=O)(O)O	True	CC[PH](O)(O)CP(=O)(O)CCC(C)P(=O)(O)O	1	-0.4603606	0
COc1ccc(S(=O)(=O)NCC(=O)CO)cc1	True	COc1ccc(S(=O)(=O)NCC(=O)CO)cc1	1	1.1186004	1
CC(Sc1nnc(C(=O)O)cc1)C(=O)O	True	CC(Sc1ccc(C(=O)O)nn1)C(=O)O	1	1.2130368	1
CCCCC(CC)NC(P(=O)(O)O)P(=O)(O)O	True	CCCCC(CC)NC(P(=O)(O)O)P(=O)(O)O	1	-0.31593555	0
CCCCCP(COC(O)OP(=O)(OOO)P(PO)(O)O)OCO	True	CCCCCP(COC(O)OP(=O)(OOO)[PH](O)(O)PO)OCO	1	-0.62377447	0
CCCCCCCCCCCCCCC=COSC(=O)S(C)CCO	True	CCCCCCCCCCCCCCC=COSC(=O)[SH](C)CCO	1	-0.15053618	0
OCC(CCCP(=O)(O)O)OP(O)(=O)O	True	O=P(O)(O)CCCC(CO)OP(=O)(O)O	1	-0.08561766	0
NC(CCP(=O)(O)C(O)=NC=C(O)C(=O)O)CO	True	NC(CO)CCP(=O)(O)C(=O)NC=C(O)C(=O)O	1	-0.17825526	0
C=CSCC(P(=O)(O)O)P(=O)(O)O	True	C=CSCC(P(=O)(O)O)P(=O)(O)O	1	-0.10352939	0
CCCCCCCCCCCCCCCCCC(=O)OCPPPOP(=O)(O)O	True	CCCCCCCCCCCCCCCCCC(=O)OCPPPOP(=O)(O)O	1	-0.9351	0
CCCCCC=CCC=CCC=CCC=CCCCOP(=O)(F)O	True	CCCCCC=CCC=CCC=CCC=CCCCOP(=O)(O)F	1	-0.32861394	0
O=P(OP(O)C(O)(CCC(CO)OP)PP)OP(=O)(O)O	True	O=[PH](OP(O)C(O)(CCC(CO)OP)PP)OP(=O)(O)O	1	-0.24032778	0
CCCCCCCCCCOCCCCCCC(CO)OPP(O)P(=O)(O)	True	CCCCCCCCCCOCCCCCCC(CO)OPP(O)[PH](=O)O	1	-0.6234723	0
C=CCOP(=O)(OCCCC)c1ccc(O)cc1OC	True	C=CCOP(=O)(OCCCC)c1ccc(O)cc1OC	1	1.0300796	1
CNc1nc(O)cc(O)ccc1	True	CNC1=NC(O)=CC(O)=CC=C1	1	1.2837089	1
CC(=O)C1CC1c1c[nH]cn1	True	CC(=O)C1CC1c1c[nH]cn1	1	1.7685292	2
NC(=O)CS(=O)(=O)c1ccc(N)cc1	True	NC(=O)CS(=O)(=O)c1ccc(N)cc1	1	1.0843195	1
O=C(CCCSCC(=O)NC1CCCC1C)P(=O)NO	True	CC1CCCC1NC(=O)CSCCCC(=O)[PH](=O)NO	1	1.1061518	1
O=P(O)(O)C(O)(CC1P(F)N1)P(=O)(O)O	True	O=P(O)(O)C(O)(CC1NP1F)P(=O)(O)O	1	0.8057488	1
O=P(OP(O)C(OP(COC(O)O)P)POPP(OO)OO)O	True	O=[PH](O)OP(O)C(OP(P)COC(O)O)POPP(OO)OO	1	-0.43472856	0
CCCCN(CCC)NC(=O)c1ccccc1Cl	True	CCCCN(CCC)NC(=O)c1ccccc1Cl	1	1.0122465	1
CC(N)C(N)C(=O)N1CCCC1	True	CC(N)C(N)C(=O)N1CCCC1	1	0.6511643	1
CCCCCCCCCCCCCCCC(=O)C=P(PO)P(=O)(O)O	True	CCCCCCCCCCCCCCCC(=O)C=[PH](PO)P(=O)(O)O	1	-0.77081424	0
C#Cc1c([N+](=O)[O-])c(CCC)c1	True	C#CC1=C([N+](=O)[O-])C(CCC)=C1	1	0.7674817	1
CCCCCCCCCCCCCCNC(=O)N(O)P(=O)(O)O	True	CCCCCCCCCCCCCCNC(=O)N(O)P(=O)(O)O	1	-0.49785596	0
O=P(OP(O)CP(=O)(O)O)POCOP(OP(=O)OO)O	True	O=[PH](OO)OP(O)OCOP[PH](=O)OP(O)CP(=O)(O)O	1	-0.6240067	0
O=C(O)C(O)=CC(=O)c1cccc(Cl)c1	True	O=C(O)C(O)=CC(=O)c1cccc(Cl)c1	1	0.818345	1
CC(C)PCCCC(C)CCCCC(C)OPPPPP=PP(O)(O)OO	True	CC(CCCCC(C)OPPPPP=P[PH](O)(O)OO)CCCPC(C)C	1	-0.7307978	0
NC(CCP(=O)(O)C(O)P(=O)OP)OOP(=O)(O)O	True	NC(CCP(=O)(O)C(O)[PH](=O)OP)OOP(=O)(O)O	1	-0.2681269	0
O=C1CCCCC(O)C(O)C(O)C(F)P(=O)(O)1	True	O=C1CCCCC(O)C(O)C(O)C(F)P1(=O)O	1	0.9571745	1
CCC1SCNC=C(N)C1	True	CCC1CC(N)=CNCS1	1	1.1271213	1
CCCCCCNCC=SCC=CCN	True	CCCCCCNCC=[SH]CC=CCN	1	-0.081329644	0
O=C(O)COCC(O)([N+](=O)POPO)OP(=O)(O)O	True	O=C(O)COCC(O)(OP(=O)(O)O)[N+](=O)POPO	1	-0.069505155	0
O=C(OCCC(CO)O)C(O)P(=O)(O)O	True	O=C(OCCC(O)CO)C(O)P(=O)(O)O	1	-0.24535686	0
NC(CCP(=O)(O)CC(CO)C(=O)O)C(=O)O	True	NC(CCP(=O)(O)CC(CO)C(=O)O)C(=O)O	1	-0.32786638	0
CCCCC(CCCNC(=O)OP(F)C(C)O)F	True	CCCCC(F)CCCNC(=O)OP(F)C(C)O	1	0.101857245	0
O=C(O)C(O)=CC(=O)c1ccc1	True	O=C(O)C(O)=CC(=O)C1=CC=C1	1	0.5661652	1
NCCCCPCCCCCCCCC(OP(PO)OOPO)OP(OP)(O)O	True	NCCCCPCCCCCCCCC(OP(OOPO)PO)O[PH](O)(O)OP	1	-0.71375936	0
CCCCCCCCCCCCC(O)C(O)C(O)P(=O)(O)O	True	CCCCCCCCCCCCC(O)C(O)C(O)P(=O)(O)O	1	-0.40644187	0
CCCNCCCOCC(N)(P(=O)(O)O)P(=O)(O)O	True	CCCNCCCOCC(N)(P(=O)(O)O)P(=O)(O)O	1	-0.2508623	0
CCC(C)C(NC(=O)Oc1ccccc1)C(=O)	True	CCC(C)C(C=O)NC(=O)Oc1ccccc1	1	0.77960014	1
CCC(C)(CNC(=O)OC1CCCC1)C(=O)O	True	CCC(C)(CNC(=O)OC1CCCC1)C(=O)O	1	0.68469477	1
CC(C)(C)NC(=O)C=Cc1ccc(Cl)cc1	True	CC(C)(C)NC(=O)C=Cc1ccc(Cl)cc1	1	0.9360524	1
CCN(CC)c1nnc2cc(C(=O)O)cc12	True	CCN(CC)C1=NN=C2C=C(C(=O)O)C=C21	1	1.859323	2
OCCCCCNC(=O)C(Cc1ccccc1)P(=O)(O)O	True	O=C(NCCCCCO)C(Cc1ccccc1)P(=O)(O)O	1	1.084429	1
O=C(CSc1nnccn1)C(CO)C(O)P(=O)(O)O	True	O=C(CSc1nccnn1)C(CO)C(O)P(=O)(O)O	1	1.2114534	1
CNC(=O)c1ccc(CC)cc1	True	CCc1ccc(C(=O)NC)cc1	1	1.0258527	1
O=P(O)(O)C(NC1CCCCC1)P(=O)(O)O	True	O=P(O)(O)C(NC1CCCCC1)P(=O)(O)O	1	1.0101227	1
N#CCOP(=O)(OCCC(=O)O)(C)C(=O)O	True	C[PH](=O)(OCC#N)(OCCC(=O)O)C(=O)O	1	-0.11436427	0
CCCCCC=CCC=CCC=CCCCCCCP(=O)NOCCCCC	True	CCCCCC=CCC=CCC=CCCCCCC[PH](=O)NOCCCCC	1	-0.22379291	0
NOCc1ccccc1I	True	NOCc1ccccc1I	1	1.1134591	1
CN(C)CCCCN(C(=C(C)C)N)COP(=O)(O)O	True	CC(C)=C(N)N(CCCCN(C)C)COP(=O)(O)O	1	0.0078371465	0
CCCCCCCC(CCCP(=O)(O)O)C(=O)	True	CCCCCCCC(C=O)CCCP(=O)(O)O	1	-0.29245633	0
CCCCCCCCC#CCCC=CCCCCCSC(O)NO	True	CCCCCCCCC#CCCC=CCCCCCSC(O)NO	1	-0.53423196	0
CCCCOP(=O)(OCCCCO)P(=O)(O)C	True	CCCCOP(=O)(OCCCCO)P(C)(=O)O	1	-0.18252653	0
CC(C)(C)NCCCCC1CCC(O)(P(=O)(O)O)c1	True	CC(C)(C)NCCCCC1CCC(O)(P(=O)(O)O)C1	1	0.74026257	1
C=C1CCOCN1	True	C=C1CCOCN1	1	1.0804763	1
O=P(O)(O)C(O)(CCC1CC=NC1)P(=O)(O)O	True	O=P(O)(O)C(O)(CCC1CC=NC1)P(=O)(O)O	1	0.7250646	1
CC(C)P(=O)(O)CC1ccc(OP(=O)(O)O)c1O	True	CC(C)P(=O)(O)CC1C=CC(OP(=O)(O)O)=C1O	1	0.7892738	1
C=Cc1cc(C(=O)N(CCCCN)OP(=O)(O)O)c1	True	C=CC1=CC(C(=O)N(CCCCN)OP(=O)(O)O)=C1	1	1.331038	1
NC(SCP(=O)(O)CCCCCC(=O)O)C(=O)NO	True	NC(SCP(=O)(O)CCCCCC(=O)O)C(=O)NO	1	0.03838089	0
CCCCCCC(OO)C(=O)NC(C)C(C)=O	True	CCCCCCC(OO)C(=O)NC(C)C(C)=O	1	-0.22199923	0
C=C(CCCCCCCC=O)NOCP(=O)(O)	True	C=C(CCCCCCCC=O)NOC[PH](=O)O	1	0.0065485537	0
O=P(CP(=O)(O)OCP(=O)(O)O)P(=O)(O)O	True	O=[PH](CP(=O)(O)OCP(=O)(O)O)P(=O)(O)O	1	-0.31696737	0
CCCCCCCCCCCCCCCC1CC(OOP(PO)(O)O)OC1	True	CCCCCCCCCCCCCCCC1COC(OO[PH](O)(O)PO)C1	1	0.42819467	1
CC(=O)N(O)C1COC(CO)C(O)C(O)cc1	True	CC(=O)N(O)C1C=CC(O)C(O)C(CO)OC1	1	0.8600661	1
Cn1c(=O)n(O)c2ccccc12	True	Cn1c(=O)n(O)c2ccccc21	1	1.9205489	2
NCC#CCC	True	CCC#CCN	1	0.1300129	0
COc1cc2c(cc1Br)C(O)CNC2	True	COc1cc2c(cc1Br)C(O)CNC2	1	2.0338852	2
NC(=CP(=O)(O)C(F)C(F)(F)C)C(=O)O	True	CC(F)(F)C(F)P(=O)(O)C=C(N)C(=O)O	1	3.4570694e-05	0
S=C(S)CSc1ccccc1	True	S=C(S)CSc1ccccc1	1	0.9722031	1
NC(CCP(=O)(O)C(C)P(=O)(O)O)P(=O)(O)O	True	CC(P(=O)(O)O)P(=O)(O)CCC(N)P(=O)(O)O	1	-0.3675683	0
CC1=CCC(N)C(=O)NCcCc(Cl)C1	True	CC1=CCC(N)C(=O)NCCCC(Cl)C1	1	1.4588008	1
NC(CCP(=O)(O)C(O)C(O)CPP(=O)(O)O)O	True	NC(O)CCP(=O)(O)C(O)C(O)CPP(=O)(O)O	1	-0.09417778	0
O=C(O)C(CO)CP(=O)P(=O)P(=O)(O)O	True	O=C(O)C(CO)C[PH](=O)[PH](=O)P(=O)(O)O	1	-0.27143002	0
CC1CCCC(C(=O)O)c1C(F)(F)F	True	CC1CCCC(C(=O)O)C1C(F)(F)F	1	1.3084385	1
O=C1NC(=O)C(=Cc2cccc(O)c2)S1	True	O=C1NC(=O)C(=Cc2cccc(O)c2)S1	1	1.8979881	2
CC(C)C1CCCC(O)C(O)COC1C#N	True	CC(C)C1CCCC(O)C(O)COC1C#N	1	1.1442089	1
O=C(NCCSCCCCCC1=N)CC(CO)NO1	True	N=C1CCCCCSCCNC(=O)CC(CO)NO1	1	1.3503213	1
Cc1ccc(CN2CCO)C2OCc(O)O1	True	CC1=CC=C2CN(CCO)C2OCC(O)O1	1	1.9165118	2
NC(CCP(=O)=O)CCc1ccccnP1CCP(=O)(O)O	True	NC(CCC1=CC=CC=NP1CCP(=O)(O)O)CCP(=O)=O	1	1.2131808	1
CN(C)CC(C)(F)CCC(C)c1ccncc1	True	CC(CCC(C)(F)CN(C)C)c1ccncc1	1	1.2711065	1
OCP(O)(O)C(O)(CCCC(F)NF)P(=O)(O)O	True	O=P(O)(O)C(O)(CCCC(F)NF)[PH](O)(O)CO	1	0.034871936	0
CC1OC(=O)C(CCCCCC(=O)CO)C(O)C1O	True	CC1OC(=O)C(CCCCCC(=O)CO)C(O)C1O	1	1.3582478	1
O=P(O)COCC(O)1CCCCC1CCCOP(=O)(O)O	True	O=[PH](O)COCC1(O)CCCCC1CCCOP(=O)(O)O	1	1.323803	1
CCCCCCCCCCCCCCCCCCCCCCOP(=O)(O)O	True	CCCCCCCCCCCCCCCCCCCCCCOP(=O)(O)O	1	-0.5729291	0
CCCCCCCCC(O)(P(=O)(O)O)P(=O)(O)O	True	CCCCCCCCC(O)(P(=O)(O)O)P(=O)(O)O	1	-0.3488289	0
O=[N+]([O-])c1ccccc1C1Cnc1O	True	O=[N+]([O-])c1ccccc1C1CN=C1O	1	1.7199109	2
CCCCCCCCC(O)(P(=O)(O)O)P(=O)(O)O	True	CCCCCCCCC(O)(P(=O)(O)O)P(=O)(O)O	1	-0.3488289	0
COCc1ccc(C(=O)CCCNC)C1	True	CNCCCC(=O)C1=CC=C(COC)C1	1	1.306849	1
O=C(O)CSCC(=O)Nc1nn(CCS)P(=O)(O)O1	True	O=C(O)CSCC(=O)NC1=NN(CCS)P(=O)(O)O1	1	1.1958554	1
CCCCCCCCCCP(COP(=O)(O)O)P(=O)(O)O	True	CCCCCCCCCCP(COP(=O)(O)O)P(=O)(O)O	1	-0.6800365	0
O=P(OP(O)C(O)(CC1CC)CN1)P(=O)(O)O	True	CCC1CC(O)(P(O)O[PH](=O)P(=O)(O)O)CN1	1	0.94696635	1
NC(=CP(=O)(O)CCCCC(O)CCOP(=O)(O))O	True	NC(O)=CP(=O)(O)CCCCC(O)CCO[PH](=O)O	1	-0.04021591	0
CNC1c(CO)cc2cc2c1C(=O)OCP(=O)(O)=O	True	CNC1C(CO)=CC2=CC2=C1C(=O)OC[PH](=O)(=O)O	1	1.8094034	2
NC(CCP(=O)(O)C(CC(=O)OCPP=O)(O)O)CO	True	NC(CO)CCP(=O)(O)C(O)(O)CC(=O)OCPP=O	1	-0.13841426	0
NC(SCCN=C(N)P(=O)(O)O)P(=O)(O)O	True	NC(=NCCSC(N)P(=O)(O)O)P(=O)(O)O	1	-0.2643302	0
NCC(CP(=O)(O)CC1C(=O)CPP(=O)(O)O)c1	True	NCC1CC(C(=O)CPP(=O)(O)O)CP(=O)(O)C1	1	0.75428194	1
NC1CC(=O)[nH]c(S)cnc1	True	NC1C=NC=C(S)NC(=O)C1	1	1.5074341	1
O=C(N)CCCCCCCN1C(=O)C1OP(=O)(O)O	True	NC(=O)CCCCCCCN1C(=O)C1OP(=O)(O)O	1	0.9007865	1
CC1(C)NC(C(N)=O)=C(C#C)CCC1=O	True	C#CC1=C(C(N)=O)NC(C)(C)C(=O)CC1	1	1.1156654	1
CCCCCCCCCCCCC(CCCCOCCOCCP(P(PO)OO)O)O	True	CCCCCCCCCCCCC(O)CCCCOCCOCCP(O)P(OO)PO	1	-0.40848857	0
NS(=O)(=O)c1cn2cc(OO)cc12	True	NS(=O)(=O)C1=Cn2cc(OO)cc21	1	1.9117754	2
CCCCCc1cC(CS(P(=O)OOCO)P(=O)(O)O)cc1	True	CCCCCC1=CC(C[SH]([PH](=O)OOCO)P(=O)(O)O)C=C1	1	0.99762696	1
COc1cccc(C)c1O	True	COc1cccc(C)c1O	1	1.0017908	1
CCC(=O)C1NNC(=O)NC(C(=O)NO)c1	True	CCC(=O)C1CC(C(=O)NO)NC(=O)NN1	1	0.8145801	1
O=C(O)CSCCCCC1NC(=S)NP(=O)(OC)CC1	True	COP1(=O)CCC(CCCCSCC(=O)O)NC(=S)N1	1	1.0866523	1
O=C1CCCSC(=O)C(=O)c2ccccc2C1=O	True	O=C1CCCSC(=O)C(=O)c2ccccc2C1=O	1	2.2005618	2
O=C(O)OCC(CCCCCC(=O)NCC)	True	CCNC(=O)CCCCCCCOC(=O)O	1	0.59814584	0
CCCOC1=CCC=C1N1CCOCC(=O)C(C)C1C	True	CCCOC1=CCC=C1N1CCOCC(=O)C(C)C1C	1	2.0060997	2
CCCCCCCCCCCCCCCC(=O)OCPCPP(=O)(O)O	True	CCCCCCCCCCCCCCCC(=O)OCPCPP(=O)(O)O	1	-0.85361284	0
C=CC(=C)C(=O)C=CNc1cccc(N)n1	True	C=CC(=C)C(=O)C=CNc1cccc(N)n1	1	1.0220187	1
C=C(C=N)Nc1ccc2ncccc2c1	True	C=C(C=N)Nc1ccc2ncccc2c1	1	1.9518008	2
O=P(O)(O)C(OC(Cc1ccccc1)P(=O)(O)O)OO	True	O=P(O)(O)C(Cc1ccccc1)OC(OO)P(=O)(O)O	1	0.9971871	1
O=P(O)(O)C(CNC1CCCC1C)C(=O)OCO	True	CC1CCCC1NCC(C(=O)OCO)P(=O)(O)O	1	0.8525624	1
CC(C)(C)C(=O)Nc1ccns1	True	CC(C)(C)C(=O)Nc1ccns1	1	1.0433235	1
Oc1nc2ccc(O)cc(F)c2c1	True	Oc1ccc2nc(O)cc-2c(F)c1	1	1.8578377	2
CCCCCCNC(NP(=O)(O)O)C(O)CCO	True	CCCCCCNC(NP(=O)(O)O)C(O)CCO	1	-0.20546627	0
O=[N+]([O-])c1cccc(N2CCCCC2)c1	True	O=[N+]([O-])c1cccc(N2CCCCC2)c1	1	1.9698942	2
CC(=O)c1ncc(Br)cc1	True	CC(=O)c1ccc(Br)cn1	1	1.1935506	1
CCCCCCCC=CCn1cnc(O)(COP(PO)(O)O)CCC1	True	CCCCCCCC=CCN1C=NC(O)(CO[PH](O)(O)PO)CCC1	1	1.2383256	1
O=[N+]([O-])c1ccccc1CS(=O)=C	True	C=[SH](=O)Cc1ccccc1[N+](=O)[O-]	1	1.2379315	1
O=C(CSCCNC=O)NN=Cc1cccc(O)c1	True	O=CNCCSCC(=O)NN=Cc1cccc(O)c1	1	1.0343724	1
O=C(OP(=O)(O)CCc1ccccc1)P(=O)(O)O	True	O=C(OP(=O)(O)CCc1ccccc1)P(=O)(O)O	1	0.8682005	1
O=C(O)CCc1ccc(O)cc1	True	O=C(O)CCc1ccc(O)cc1	1	0.8457674	1
CC(C)(C)N1C(=O)C(CN2CCCCC2)C1	True	CC(C)(C)N1CC(CN2CCCCC2)C1=O	1	2.1450324	2
NC(CCP(=O)(O)OC(CO)C(=O)O)C(=O)O	True	NC(CCP(=O)(O)OC(CO)C(=O)O)C(=O)O	1	-0.38740438	0
CCCCCCCCCCCCCCCC1CC(O)P(P)C(O)CCOC1	True	CCCCCCCCCCCCCCCC1COCCC(O)P(P)C(O)C1	1	0.48704925	1
COc1ccc(C)cc(O)cc1C#N	True	COC1=CC=C(C)C=C(O)C=C1C#N	1	1.2744071	1
CCCCCPCCCC(C)CCCCC(CO)P(POPPP(O))(O)O	True	CCCCCPCCCC(C)CCCCC(CO)[PH](O)(O)POPPPO	1	-0.6083686	0
O=C(CCCC(=O)OCC(O)(F)F)OP(=O)(O)O	True	O=C(CCCC(=O)OP(=O)(O)O)OCC(O)(F)F	1	-0.0458616	0
CCCCCCCCCCCCCCCCCCCCCCCCC	True	CCCCCCCCCCCCCCCCCCCCCCCCC	1	-0.38474905	0
O=P(O)(O)C(NC1COCs1)P(=O)(O)O	True	O=P(O)(O)C(NC1COCS1)P(=O)(O)O	1	0.7461122	1
NC(CCP(=O)(O)C(P(=O)OO)O)P(=O)(O)O	True	NC(CCP(=O)(O)C(O)[PH](=O)OO)P(=O)(O)O	1	-0.53561956	0
O=P(OP(C)C(O)OCC1CCC1CO)P(=O)(O)O	True	CP(O[PH](=O)P(=O)(O)O)C(O)OCC1CCC1CO	1	0.9672315	1
CCCC(=O)NCCCCCCCCCCCCCP(=O)(O)O	True	CCCC(=O)NCCCCCCCCCCCCCP(=O)(O)O	1	0.17551336	0
CCC1C(=O)SN=CCCCC1C1CC(=O)O1	True	CCC1C(=O)SN=CCCCC1C1CC(=O)O1	1	1.6491563	2
O=C(O)COc1ccccc1	True	O=C(O)COc1ccccc1	1	0.9497408	1
CCCCSP(=O)NOCC(CN)C(=C)CCCO	True	C=C(CCCO)C(CN)CON[PH](=O)SCCCC	1	0.042913616	0
NC(COP(=O)(O)CCP(=O)(O)O)P(=O)(O)O	True	NC(COP(=O)(O)CCP(=O)(O)O)P(=O)(O)O	1	-0.39368463	0
Oc1[nH]c(=O)ncc1F	True	O=c1ncc(F)c(O)[nH]1	1	1.0752203	1
NC(CCCC=O)OP(=O)(O)O	True	NC(CCCC=O)OP(=O)(O)O	1	-0.1928311	0
O=P(OP(O)C=O)(P(=C)(O)O)P(POP(O)O)O	True	C=P(O)(O)P(=O)(OP(O)C=O)P(O)POP(O)O	1	-0.48502153	0
NCCc1ccccc1I	True	NCCc1ccccc1I	1	1.1529233	1
O=C(CCOP(=O)(O)O)C(F)(F)P(=O)(O)O	True	O=C(CCOP(=O)(O)O)C(F)(F)P(=O)(O)O	1	-0.12479097	0
NC(CCP(=O)(O)CCO)c1ccc(F)cc1	True	NC(CCP(=O)(O)CCO)c1ccc(F)cc1	1	1.0084224	1
CCCCCCCCCCCCOCCCOC1C(P(=O)(O)OO)c1	True	CCCCCCCCCCCCOCCCOC1CC1P(=O)(O)OO	1	0.41788167	1
CCCCCC=CCC=CCC=CCC=CCCCC(=O)NCCC	True	CCCCCC=CCC=CCC=CCC=CCCCC(=O)NCCC	1	-0.6203684	0
CC1C(N)C(O)C(O)C1O	True	CC1C(N)C(O)C(O)C1O	1	0.9514761	1
C=CCCOC1CCCCCCC(=O)C(CC1)C(=O)O	True	C=CCCOC1CCCCCCC(=O)C(C(=O)O)CC1	1	0.90485597	1
CC(CCP(=O)(O)CCOCCCC(OOPPOP)(P)OO)(O)O	True	CC(O)(O)CCP(=O)(O)CCOCCCC(P)(OO)OOPPOP	1	-0.36974043	0
CC(C)(C)C(c1ccccc1)c1ccc(F)cc1F	True	CC(C)(C)C(c1ccccc1)c1ccc(F)cc1F	1	1.9956884	2
CC1CCN(CCCC=CCc2ccccc2)C(O)CN1	True	CC1CCN(CCCC=CCc2ccccc2)C(O)CN1	1	2.3949804	2
CCCCCCCCCCCCCCCCOCCCCCP(=O)(O)O	True	CCCCCCCCCCCCCCCCOCCCCCP(=O)(O)O	1	-0.46506286	0
O=P(O)(O)C(N=CCc1ccccc1)P(=O)(O)O	True	O=P(O)(O)C(N=CCc1ccccc1)P(=O)(O)O	1	1.0004487	1
CP(=O)(O)O	True	CP(=O)(O)O	1	-0.03203863	0
CC(C)=CCCC(C)=CCOCP(=O)(O)O	True	CC(C)=CCCC(C)=CCOCP(=O)(O)O	1	-0.30691218	0
O=C(COP(=O)(O)O)OC(F)(F)P(=O)(O)O	True	O=C(COP(=O)(O)O)OC(F)(F)P(=O)(O)O	1	-0.27480012	0
Nc1ccccc1NC(=O)Oc1cccs1	True	Nc1ccccc1NC(=O)Oc1cccs1	1	2.1280894	2
NC(CCP(=O)(O)CP(=O)(O)F)P(=O)(O)O	True	NC(CCP(=O)(O)CP(=O)(O)F)P(=O)(O)O	1	-0.47672373	0
O=P(OP(O)C(O)CC(CO)C(OOPP(=O)(O)O)O)O	True	O=[PH](O)OP(O)C(O)CC(CO)C(O)OOPP(=O)(O)O	1	-0.074225366	0
CSC(C)NN(CC)CC(O)P(=O)(O)O	True	CCN(CC(O)P(=O)(O)O)NC(C)SC	1	-0.0046749413	0
CC1COC(C)=NC2C=CCS12	True	CC1=NC2C=CC[SH]2C(C)CO1	1	2.3274896	2
N=P(O)(O)C(F)(F)C(O)=O	True	N=P(O)(O)C(F)(F)C(=O)O	1	0.014337957	0
FC1(CN(CCO)#N)cc(F)c(Cl)c1	True	[N-]=[N+](CCO)CC1(F)C=C(F)C(Cl)=C1	1	1.5214841	1
O=P(OP(=O)(O)OC1CCCCCO)OP(=O)(O)1O	True	O=[PH]1OP(=O)(O)OC(CCCCCO)[PH](=O)(O)(O)O1	1	0.72114766	1
NC(Cc1ccc(Cl)cc1)C(=O)NO	True	NC(Cc1ccc(Cl)cc1)C(=O)NO	1	1.0764666	1
CC(N)P(=O)(O)CCNNC(=O)Nc1ccc(Cl)cc1	True	CC(N)P(=O)(O)CCNNC(=O)Nc1ccc(Cl)cc1	1	1.1878538	1
N=C(CP(=O)(O)OC1CCCCCCP(PO)(O)O)C1O	True	N=C1CP(=O)(O)OC(CCCCCC[PH](O)(O)PO)C1O	1	0.8937596	1
O=P(OP(=O)(O)(OP(=O)(O)PC(P)(O))O)O	True	O=[PH](O)O[PH](=O)(O)(O)OP(=O)(O)PC(O)P	1	-0.24111432	0
CS(=O)(=O)c1ccc(Cl)C(=O)OCCCC1	True	CS(=O)(=O)C1=CC=C(Cl)C(=O)OCCCC1	1	0.92563343	1
COc1ccc(S(=O)(=O)Nc2cncccnc2)cc1	True	COc1ccc(S(=O)(=O)NC2=CN=CC=CN=C2)cc1	1	2.3397794	2
CCCCCCCCCCCCCCCCCC(C1CPPP(O)(O)OC)C1	True	CCCCCCCCCCCCCCCCCC1CC1CPP[PH](O)(O)OC	1	0.34108275	1
CCCCCCCCC1CCC(P(=O)(O)C(N)CO)c1F	True	CCCCCCCCC1CCC(P(=O)(O)C(N)CO)C1F	1	0.6833344	1
O=C(O)CC(CC(=O)S)C(=O)O	True	O=C(O)CC(CC(=O)S)C(=O)O	1	-0.09242123	0
O=P(OP(O)C(O)C1CCCNCCCP(=O)(O)C1)CO	True	O=[PH](CO)OP(O)C(O)C1CCCNCCCP(=O)(O)C1	1	1.0938246	1
CCCCCCCCCC(OP(O)O)P(=O)(O)O	True	CCCCCCCCCC(OP(O)O)P(=O)(O)O	1	-0.40406388	0
O=P(CP(O)C(O)O)(O)P(=O)OP(O)P(P)(OO)O	True	O=[PH](OP(O)[PH](O)(P)OO)P(=O)(O)CP(O)C(O)O	1	-0.68402344	0
O=C(O)CCCCC1=C(O)CSC(CS)N1	True	O=C(O)CCCCC1=C(O)CSC(CS)N1	1	1.1611454	1
CCC(C)NCC(P(=O)(O)O)P(=O)(O)O	True	CCC(C)NCC(P(=O)(O)O)P(=O)(O)O	1	-0.4215415	0
O=[N+]([O-])c1ccccc1[N+](=O)[O-]	True	O=[N+]([O-])c1ccccc1[N+](=O)[O-]	1	0.7741908	1
O=P(O)(O)C(Nc1cccc(O)c1O)P(=O)(O)O	True	O=P(O)(O)C(Nc1cccc(O)c1O)P(=O)(O)O	1	0.7780854	1
O=C(O)CC(O)C(O)(O)P(=O)(O)O	True	O=C(O)CC(O)C(O)(O)P(=O)(O)O	1	-0.4129842	0
CCCCCC=CCC=CCOCC=CCC(CC)P(=O)(O)O	True	CCCCCC=CCC=CCOCC=CCC(CC)P(=O)(O)O	1	-0.42777276	0
CCCCCPCCCCOOP(=O)(P(=O)(P)O)P(=O)(O)O	True	CCCCCPCCCCOOP(=O)(P(=O)(O)O)P(=O)(O)P	1	-0.7868374	0
CC(=NNC(N)=O)c1ccc(CCC)C1CCN	True	CCCC1=CC=C(C(C)=NNC(N)=O)C1CCN	1	1.1325605	1
CCCCCCCCCCCCC=CCCCCCCCCOP(=O)(O)O	True	CCCCCCCCCCCCC=CCCCCCCCCOP(=O)(O)O	1	-0.30449647	0
CCCCc1cc(O)c(O)C(C)C(C)CN1	True	CCCCC1=CC(O)=C(O)C(C)C(C)CN1	1	1.1150724	1
NC(C)(C)NCC(P(=O)(O)O)P(=O)(O)O	True	CC(C)(N)NCC(P(=O)(O)O)P(=O)(O)O	1	-0.22957331	0
CN(CCSCCONO)C(=O)C(N)CO	True	CN(CCSCCONO)C(=O)C(N)CO	1	0.13009334	0
O=C1Oc2ccc(I)cc2C(=O)N1O	True	O=c1oc2ccc(I)cc2c(=O)n1O	1	2.0624766	2
CN(CCP(=O)(C)CP(=O)(O)O)C(=O)O	True	CN(CCP(C)(=O)CP(=O)(O)O)C(=O)O	1	-0.23155713	0
CCCCCCCCCCCCCCCC(=C(O)PPPO)P(=O)(O)O	True	CCCCCCCCCCCCCCCC(=C(O)PPPO)P(=O)(O)O	1	-0.7731492	0
CC1CC(=N)C(N)CN1	True	CC1CC(=N)C(N)CN1	1	1.149207	1
O=CNCCCO	True	O=CNCCCO	1	0.13218221	0
N#Cc1cnc(N)ncscc(Cl)cc1	True	N#CC1=CN=C(N)N=CSC=C(Cl)C=C1	1	1.6198328	1
NC(CCP(=O)(O)CC1CCO)COPPP(=O)(O)Oc1O	True	NC1CCP(=O)(O)CC(CCO)C(O)OP(=O)(O)PPOC1	1	0.7135645	1
O=C(O)CC=C(NCC(F)C(F)(F)F)CF	True	O=C(O)CC=C(CF)NCC(F)C(F)(F)F	1	0.20723464	0
O=C(CCC(=O)CC=Cc1ccc(O)cc1)OO	True	O=C(CC=Cc1ccc(O)cc1)CCC(=O)OO	1	1.1468035	1
CCCCCC=CC(=O)NCCCCCCCCCC(=O)O	True	CCCCCC=CC(=O)NCCCCCCCCCC(=O)O	1	-0.21943063	0
O=C(CCCCNC1COCC(OO)(C)O)C(=O)N1	True	CC(O)(COCC1NCCCCC(=O)C(=O)N1)OO	1	1.0091472	1
CCCCCCC(=O)Nc1ccc(C(C)P(=O)(O)O)cc1	True	CCCCCCC(=O)Nc1ccc(C(C)P(=O)(O)O)cc1	1	0.9860366	1
CCCCCCCCCCCCCCC(P(=O)(O)OOP(=O)PO)O	True	CCCCCCCCCCCCCCC(O)P(=O)(O)OO[PH](=O)PO	1	-0.5826611	0
COC(=O)C(C)CN1CN1C(=O)O	True	COC(=O)C(C)CN1CN1C(=O)O	1	0.96929365	1
COc1cc(C=CC(O)=O)C(COC)c1O	True	COCC1C(C=CC(=O)O)=CC(OC)=C1O	1	0.8376698	1
C#CCN1CCCCC(C)(C)C1=C	True	C#CCN1CCCCC(C)(C)C1=C	1	1.1173171	1
CCCCn1c(SC)c2cc(S)n2c(N)nc(C)n1	True	CCCCn1nc(C)nc(N)n2c(c1SC)C=C2S	1	2.0063334	2
CCCCCC=CCC=CCC=CCC=CCCCC(=O)O	True	CCCCCC=CCC=CCC=CCC=CCCCC(=O)O	1	-0.5380519	0
CCCCCNCC(P(=O)(O)O)P(=O)(O)O	True	CCCCCNCC(P(=O)(O)O)P(=O)(O)O	1	-0.24936843	0
NCC(=O)C(OSC(SC(F)(F)F)CCF)O	True	NCC(=O)C(O)OSC(CCF)SC(F)(F)F	1	0.34636614	0
CC(CCP(=O)(O)CC1C)OC(OP(=O)(O)O)s1	True	CC1CCP(=O)(O)CC(C)SC(OP(=O)(O)O)O1	1	0.9307671	1
CN(C)CCCCOC(=O)c1ccc(F)cc1	True	CN(C)CCCCOC(=O)c1ccc(F)cc1	1	1.1916325	1
CCCCCC(C)NNC(P(=O)(O)O)P(=O)(O)O	True	CCCCCC(C)NNC(P(=O)(O)O)P(=O)(O)O	1	-0.17739683	0
NCCN1CCCCN1	True	NCCN1CCCCN1	1	1.0977004	1
CC(CCP(=O)(O)OCc1ccccc1)P(=O)(O)O	True	CC(CCP(=O)(O)OCc1ccccc1)P(=O)(O)O	1	0.9043063	1
O=c1[nH]c(=O)n(C1CC(O)P(POP(O)O)O)O	True	O=C1NC(=O)N(O)C1CC(O)P(O)POP(O)O	1	1.1606988	1
CC1CNCC(N)CCS1	True	CC1CNCC(N)CCS1	1	1.1725235	1
CCCCCCNC(=O)OCCCc1ccccc1Cl	True	CCCCCCNC(=O)OCCCc1ccccc1Cl	1	0.9609706	1
CCCCC(C(S)NCN=C1C(=O)N(Cl)CCC)c1	True	CCCCC1CC(C(=O)N(Cl)CCC)=NCNC1S	1	1.302994	1
CCCCCCCCCCC=P(=O)(O)OCPCCC(=O)O	True	CCCCCCCCCCC=[PH](=O)(O)OCPCCC(=O)O	1	-0.35564023	0
O=P(O)(O)C(Cc1cccc(F)c1)P(=O)(O)O	True	O=P(O)(O)C(Cc1cccc(F)c1)P(=O)(O)O	1	0.97817034	1
Nc1ccccc1NC(=O)CC	True	CCC(=O)Nc1ccccc1N	1	1.202286	1
O=C(Nc1ccccc1)C(F)(F)F	True	O=C(Nc1ccccc1)C(F)(F)F	1	0.8117503	1
NC(CCP(=O)(O)CCCCCOC(=O)C)C(=O)O	True	CC(=O)OCCCCCP(=O)(O)CCC(N)C(=O)O	1	-0.13571268	0
CC(CC(N)=O)C1CCCCC(=O)C(O)C1O	True	CC(CC(N)=O)C1CCCCC(=O)C(O)C1O	1	0.9607405	1
CCCCCP(=O)(O)C(N)NC(=O)NC(C)OCCO	True	CCCCCP(=O)(O)C(N)NC(=O)NC(C)OCCO	1	-0.18430656	0
O=P(O)(O)C(O)(Cc1ccccc1)P(=O)(O)O	True	O=P(O)(O)C(O)(Cc1ccccc1)P(=O)(O)O	1	0.97067106	1
CC(CC=CC1NCCCC)Cc1OS(C)C(=O)O	True	CCCCNC1C=CCC(C)CC1O[SH](C)C(=O)O	1	1.1016214	1
O=C(O)CCCCSCNc1ccc(F)NC1P(=O)(O)O	True	O=C(O)CCCCSCNC1=CC=C(F)NC1P(=O)(O)O	1	1.0263019	1
O=P(O)(O)C(CNc1ccncn1)P(=O)(O)O	True	O=P(O)(O)C(CNc1ccncn1)P(=O)(O)O	1	0.9957445	1
Nc1nccc(Br)cc(Cl)c1	True	NC1=NC=CC(Br)=CC(Cl)=C1	1	1.2491169	1
Cc1ccc(CNOP(=O)COCC(O)PP(O)(O)O)cc1	True	Cc1ccc(CNO[PH](=O)COCC(O)P[PH](O)(O)O)cc1	1	1.0260724	1
O=P(O)(O)C(O)(Cc1ccccc1)P(=O)(O)O	True	O=P(O)(O)C(O)(Cc1ccccc1)P(=O)(O)O	1	0.97067106	1
O=C(CCCC)CC(P(=O)(O)O)P(=O)(O)O	True	CCCCC(=O)CC(P(=O)(O)O)P(=O)(O)O	1	0.02068004	0
CCCCCCCCCCCCC(CS)C(=O)OCP(=O)(O)O	True	CCCCCCCCCCCCC(CS)C(=O)OCP(=O)(O)O	1	-0.32991713	0
O=P(O)(O)C(O)(Cc1cccnc1)P(=O)(O)O	True	O=P(O)(O)C(O)(Cc1cccnc1)P(=O)(O)O	1	1.0219359	1
O=P(OP(O)C(O)OCc1cccnn1)P(=O)(O)O	True	O=[PH](OP(O)C(O)OCc1cccnn1)P(=O)(O)O	1	0.90619195	1
